評分,圖鑑編號,寶可夢,第一屬性,第二屬性,地區,型態別,暗影,Mega進化,其他形態,性別,尺寸,天氣,CP,攻擊力,防禦力,HP,等級,一般招式,特殊招式1,特殊招式2,幾下可用特招1,幾下可用特招2,夥伴行走距離,開第二招星塵花費,Stat Product
93,959,巨鍛匠,妖精,鋼,-,-,-,-,-,-,-,-,1500,106.2,140.9,141,25,妖精之風,巨力錘*,重踏,7,7,3,75000,2110405
92,38,九尾,火,,-,-,暗影,-,-,-,-,-,1496,114.4,135.5,126,24.5,火花*,氣象球 火,能量球*,4,5,3,50000,1953716
91.4,222,太陽珊瑚,幽靈,,伽勒爾,-,-,-,-,-,-,-,1500,99.3,163.1,139,47.5,驚嚇,黑夜魔影,力量寶石,5,5,3,50000,2251734
91.4,823,鋼鎧鴉,飛行,鋼,-,-,-,-,-,-,-,-,1500,107,130.7,150,23,潑沙,空氣利刃*,鐵頭*,10,13,1,10000,2097411
91.3,845,古月鳥,飛行,水,-,-,-,-,-,-,-,-,1498,121.2,121.2,126,26,啄,潛水,飛翔,5,6,3,50000,1852316
91.3,195,沼王,水,地面,-,-,暗影,-,-,-,-,-,1499,111.3,112.7,161,28.5,泥巴射擊,水流尾*,尖石攻擊,4,7,3,50000,2018332
91.2,195,沼王,水,地面,-,-,-,-,-,-,-,-,1499,111.3,112.7,161,28.5,泥巴射擊,水流尾*,尖石攻擊,4,7,3,50000,2018332
91.1,809,美錄梅塔,鋼,,-,-,-,-,-,-,-,-,1500,121,105.2,146,15.5,電擊,鋼拳雙擊*,爆裂拳,4,5,20,100000,1857750
91,828,狐大盜,惡,,-,-,-,-,-,-,-,-,1494,119.9,121.9,127,26,突襲,暗襲要害,冰凍之風*,5,7,1,10000,1856410
90.9,334,七夕青鳥,龍,飛行,-,-,-,-,-,-,-,-,1499,103.4,151.9,138,28.5,龍息,神鳥猛擊,噴射火焰,13,14,1,10000,2167763
90.9,395,帝王拿波,水,鋼,-,-,-,-,-,-,-,-,1497,125.2,117,122,19,金屬音,加農水砲*,啄鑽,5,5,3,10000,1787543
90.9,226,巨翅飛魚,水,飛行,-,-,-,-,-,-,-,-,1500,105.5,166.6,121,27,翅膀攻擊,龍捲風,水之波動,5,7,5,75000,2126860
90.9,38,九尾,火,,-,-,-,-,-,-,-,-,1496,114.4,135.5,126,24.5,火花*,氣象球 火,能量球*,4,5,3,50000,1953716
90.9,143,卡比獸,一般,,-,-,-,-,-,-,-,-,1500,108.4,102.3,187,17.5,精神波,泰山壓頂,地震,10,17,5,75000,2073265
90.8,395,帝王拿波,水,鋼,-,-,暗影,-,-,-,-,-,1497,125.2,117,122,19,金屬音,加農水砲*,啄鑽,5,5,3,10000,1787543
90.8,671,花潔夫人,妖精,,-,-,-,-,-,-,-,-,1499,120.1,141.6,110,17,妖精之風,潑冷水*,魅惑之聲,5,5,3,50000,1869643
90.7,823,鋼鎧鴉,飛行,鋼,-,-,暗影,-,-,-,-,-,1500,107,130.7,150,23,潑沙,空氣利刃*,鐵頭*,10,13,1,10000,2097411
90.7,778,謎擬Ｑ,幽靈,妖精,-,-,-,-,-,-,-,-,1500,121.6,141.6,107,25,暗影爪,影子偷襲,嬉鬧,7,8,5,50000,1841866
90.6,160,大力鱷,水,,-,-,-,-,-,-,-,-,1500,123.9,117.4,125,19.5,暗影爪,加農水砲*,冰凍光束,5,7,3,10000,1817697
90.6,593,胖嘟嘟,水,幽靈,-,-,-,-,-,-,-,-,1499,106.7,126.3,156,24,禍不單行,衝浪,暗影球,4,4,3,50000,2101858
90.5,334,七夕青鳥,龍,飛行,-,-,暗影,-,-,-,-,-,1499,103.4,151.9,138,28.5,龍息,神鳥猛擊,噴射火焰,13,14,1,10000,2167763
90.4,752,滴蛛霸,水,蟲,-,-,-,-,-,-,-,-,1499,97.4,174,136,32,死纏爛打,水之波動,鏡面反射,5,4,3,50000,2306355
90.4,162,大尾立,一般,,-,-,-,-,-,-,-,-,1498,115.3,105.4,160,34.5,突襲,高速星星,起草,5,7,1,10000,1945534
90.3,184,瑪力露麗,水,妖精,-,-,-,-,-,-,-,-,1499,93.4,134.5,191,43,泡沫,冰凍光束,嬉鬧,5,6,3,50000,2399514
90.3,22,大嘴雀,一般,飛行,-,-,-,-,-,-,-,-,1500,131.5,104.6,124,28,啄,啄鑽,直衝鑽,5,5,1,10000,1705662
90.3,288,過動猿,一般,,-,-,-,-,-,-,-,-,1497,116.2,114.1,145,28.5,抓,泰山壓頂,重踏,10,14,5,75000,1923360
90.2,979,棄世猴,格鬥,幽靈,-,-,-,-,-,-,-,-,1499,123.4,105.2,140,17,踢倒,憤怒之拳*,冰凍拳,5,5,3,50000,1817129
90.2,980,土王,毒,地面,-,-,-,-,-,-,-,-,1500,95.1,119.7,208,29.5,毒針,地震,尖石攻擊,8,7,3,50000,2366922
90.2,386,代歐奇希斯,超能力,,-,-,-,-,防禦,-,-,-,1491,101,221.5,98,23.5,踢倒,精神突進,十萬伏特,5,7,20,100000,2192628
90.2,160,大力鱷,水,,-,-,暗影,-,-,-,-,-,1500,123.9,117.4,125,19.5,暗影爪,加農水砲*,冰凍光束,5,7,3,10000,1817697
90.2,687,烏賊王,惡,超能力,-,-,-,-,-,-,-,-,1493,117.2,116.6,139,23.5,精神波,蠻力,欺詐,10,10,3,50000,1899127
90.2,105,嘎啦嘎啦,地面,,-,-,-,-,-,-,-,-,1496,109.6,148.9,125,31.5,擲泥,骨棒,岩崩,4,5,3,50000,2040576
90.1,979,棄世猴,格鬥,幽靈,-,-,暗影,-,-,-,-,-,1499,123.4,105.2,140,17,踢倒,憤怒之拳*,冰凍拳,5,5,3,50000,1817129
90.1,687,烏賊王,惡,超能力,-,-,暗影,-,-,-,-,-,1493,117.2,116.6,139,23.5,精神波,欺詐,蠻力,10,10,3,50000,1899127
90.1,302,勾魂眼,惡,幽靈,-,-,暗影,-,-,-,-,-,1496,119.7,124.6,125,47,暗影爪,欺詐,吸取拳,5,5,5,75000,1864140
90,101,頑皮雷彈,電,草,洗翠,-,-,-,-,-,-,-,1500,123.3,128.7,115,26,電擊,瘋狂伏特,能量球,5,5,3,50000,1825336
90,197,月亮伊布,惡,,-,-,-,-,-,-,-,-,1500,90.2,177,156,27,大聲咆哮,惡之波動,珍藏*,4,5,5,75000,2491764
89.9,799,惡食大王,惡,龍,-,-,-,-,-,-,-,-,1499,113.3,66.1,265,19.5,龍尾,狂舞揮打,污泥炸彈,3,5,20,100000,1982915
89.9,131,拉普拉斯,水,冰,-,-,-,-,-,-,-,-,1499,104.7,114.6,179,21.5,精神波,泡影詠歎調,冰凍光束*,12,14,5,75000,2147136
89.9,630,禿鷹娜,惡,飛行,-,-,-,-,-,-,-,-,1500,92.1,151.3,175,26.5,大聲咆哮,惡之波動,暗影球,4,4,5,75000,2439745
89.8,977,吃吼霸,水,,-,-,-,-,-,-,-,-,1499,104.6,109.7,187,18.5,攀瀑,衝浪,逆鱗,5,6,5,75000,2146006
89.8,143,卡比獸,一般,,-,-,暗影,-,-,-,-,-,1500,108.4,102.3,187,17.5,精神波,泰山壓頂,蠻力,10,10,5,75000,2073265
89.7,288,過動猿,一般,,-,-,暗影,-,-,-,-,-,1497,116.2,114.1,145,28.5,抓,劈瓦,岩崩,10,12,5,75000,1923360
89.6,230,刺龍王,水,龍,-,-,-,-,-,-,-,-,1497,121.8,127.9,118,21,龍息,衝浪,高速星星,12,9,3,50000,1839109
89.5,752,滴蛛霸,水,蟲,-,-,暗影,-,-,-,-,-,1499,97.4,174,136,32,死纏爛打,水之波動,鏡面反射,5,4,3,50000,2306355
89.5,302,勾魂眼,惡,幽靈,-,-,-,-,-,-,-,-,1496,119.7,124.6,125,47,暗影爪,欺詐,力量寶石,5,7,5,75000,1864140
89.4,450,河馬獸,地面,,-,-,-,-,-,-,-,-,1500,116.2,116.8,142,18,潑沙,氣象球 岩石,大地之力,9,13,3,50000,1926191
89.4,230,刺龍王,水,龍,-,-,暗影,-,-,-,-,-,1497,121.8,127.9,118,21,龍息,衝浪,高速星星,12,9,3,50000,1839109
89.2,9,水箭龜,水,,-,-,-,-,-,-,-,-,1500,112.1,137.7,130,23,咬住,加農水砲*,火箭頭錘,10,19,3,10000,2007546
89.2,703,小碎鑽,岩石,妖精,-,-,-,-,-,-,-,-,1497,84,252.1,126,50,落石,岩崩,月亮之力,9,10,5,75000,2669074
89.2,635,三首惡龍,惡,龍,-,-,暗影,-,-,-,-,-,1500,136.1,104.5,116,15,龍息,狂舞揮打*,飛翔,9,12,5,75000,1649711
89.2,189,毽子棉,草,飛行,-,-,-,-,-,-,-,-,1499,96.7,157,153,40.5,妖精之風,能量球,雜技*,5,7,3,50000,2322994
89.1,450,河馬獸,地面,,-,-,暗影,-,-,-,-,-,1500,116.2,116.8,142,18,潑沙,氣象球 岩石,大地之力,9,13,3,50000,1926191
89.1,308,恰雷姆,格鬥,超能力,-,-,-,-,-,-,-,-,1500,106.9,139.5,141,49,精神利刃,冰凍拳,爆裂拳,5,5,3,50000,2102958
89,205,佛烈托斯,蟲,鋼,-,-,-,-,-,-,-,-,1499,109.8,145.5,128,24.5,伏特替換,流沙地獄,岩石封鎖,3,4,5,75000,2043769
89,146,火焰鳥,惡,飛行,伽勒爾,-,-,-,-,-,-,-,1488,115.1,134.7,124,17.5,突襲,飛翔,勇鳥猛攻,7,8,20,100000,1922500
88.9,148,哈克龍,龍,,-,-,暗影,-,-,-,-,-,1499,125.2,112.5,127,33,龍息,緊束,水流尾,12,9,5,75000,1788369
88.9,776,爆焰龜獸,火,龍,-,-,-,-,-,-,-,-,1499,113.5,153.6,113,25,燒盡,狂舞揮打,龍爪,2,3,5,75000,1971162
88.8,737,蟲電寶,蟲,電,-,-,-,-,-,-,-,-,1497,114.8,134.8,126,36.5,伏特替換*,十字剪,放電,3,3,1,10000,1949448
88.8,346,搖籃百合,岩石,草,-,-,-,-,-,-,-,-,1497,105.2,140.3,144,25.5,溶解液,岩石封鎖,打草結,7,7,3,50000,2126277
88.8,660,掘地兔,一般,地面,-,-,-,-,-,-,-,-,1499,95.7,140.3,174,47,泥巴射擊,火焰拳,熱沙大地,5,6,1,10000,2337114
88.8,38,九尾,冰,妖精,阿羅拉,-,-,-,-,-,-,-,1497,114.5,136.1,125,24,細雪,氣象球 冰,潑冷水*,5,6,3,50000,1948701
88.7,131,拉普拉斯,水,冰,-,-,暗影,-,-,-,-,-,1499,104.7,114.6,179,21.5,精神波,泡影詠歎調,冰凍光束*,12,14,5,75000,2147136
88.7,812,轟擂金剛猩,草,,-,-,-,-,-,-,-,-,1499,132.4,99.3,129,16.5,抓,鼓擊,大地之力,9,13,3,10000,1696084
88.7,918,操陷蛛,蟲,,-,-,-,-,-,-,-,-,1497,111,138.9,131,37.5,暗影爪,猛撲,岩石封鎖,6,7,1,50000,2019559
88.7,260,巨沼怪,水,地面,-,-,-,-,-,-,-,-,1499,123,109.2,136,18.5,泥巴射擊,加農水砲*,地震,5,8,3,10000,1825538
88.7,260,巨沼怪,水,地面,-,-,暗影,-,-,-,-,-,1499,123,109.2,136,18.5,泥巴射擊,加農水砲*,地震,5,8,3,10000,1825538
88.6,87,白海獅,水,冰,-,-,-,-,-,-,-,-,1498,102,136.9,157,28.5,冰礫*,冰凍之風*,直衝鑽,5,4,3,50000,2192411
88.6,356,彷徨夜靈,幽靈,,-,-,暗影,-,-,-,-,-,1497,102.4,197.7,108,42,禍不單行,冰凍拳,暗影拳,4,3,3,50000,2186937
88.6,38,九尾,冰,妖精,阿羅拉,-,暗影,-,-,-,-,-,1497,114.5,136.1,125,24,細雪,氣象球 冰,潑冷水*,5,6,3,50000,1948701
88.5,680,雙劍鞘,鋼,幽靈,-,-,-,-,-,-,-,-,1500,122.9,140,106,22.5,暗影爪,聖劍,鐵頭,5,7,5,75000,1824726
88.2,681,堅盾劍怪,鋼,幽靈,-,-,-,-,盾牌,-,-,-,1498,82.9,234.6,139,46,精神利刃,暗影球,陀螺球,9,9,5,75000,2701765
88.1,356,彷徨夜靈,幽靈,,-,-,-,-,-,-,-,-,1497,102.4,197.7,108,42,禍不單行,冰凍拳,暗影拳,4,3,3,50000,2186937
88.1,105,嘎啦嘎啦,地面,,-,-,暗影,-,-,-,-,-,1496,109.6,148.9,125,31.5,擲泥,骨棒,岩崩,4,5,3,50000,2040576
88,148,哈克龍,龍,,-,-,-,-,-,-,-,-,1499,125.2,112.5,127,33,龍息,水流尾,龍之波動,9,14,5,75000,1788369
88,205,佛烈托斯,蟲,鋼,-,-,暗影,-,-,-,-,-,1499,109.8,145.5,128,24.5,伏特替換,流沙地獄,岩石封鎖,3,4,5,75000,2043769
88,537,蟾蜍王,水,地面,-,-,-,-,-,-,-,-,1500,120.3,100.9,154,22,泥巴射擊,大地之力,冰凍之風,6,5,3,50000,1868887
87.9,711,南瓜怪人,幽靈,草,-,-,-,-,-,-,大尺寸,-,1500,115.9,137.2,122,22,燒盡,暗影球,種子炸彈,3,2,5,75000,1940488
87.8,477,黑夜魔靈,幽靈,,-,-,暗影,-,-,-,-,-,1500,119.8,174.2,90,23.5,驚嚇,爆裂拳,暗影拳,5,4,3,50000,1878255
87.8,711,南瓜怪人,幽靈,草,-,-,-,-,-,-,特大尺寸,-,1500,115.1,131.6,129,21,燒盡,暗影球,種子炸彈,3,2,5,75000,1953944
87.8,895,雷吉鐸拉戈,龍,,-,-,-,-,-,-,-,-,1499,121.9,62.7,241,20,龍息*,巨龍威能*,夾住,12,10,20,100000,1842328
87.7,711,南瓜怪人,幽靈,草,-,-,-,-,-,-,普通尺寸,-,1498,115.9,145.1,115,23.5,燒盡,暗影球,種子炸彈,3,2,5,75000,1933691
87.7,326,噗噗豬,超能力,,-,-,-,-,-,-,-,-,1497,113.3,131.5,132,23.5,精神波,爆裂拳,暗影球,12,13,1,10000,1966510
87.7,663,烈箭鷹,火,飛行,-,-,-,-,-,-,-,-,1500,121.4,112.7,135,25.5,燒盡*,飛翔,勇鳥猛攻,3,3,1,10000,1846682
87.6,189,毽子棉,草,飛行,-,-,暗影,-,-,-,-,-,1499,96.7,157,153,40.5,妖精之風,能量球,雜技*,5,7,3,50000,2322994
87.6,877,莫魯貝可,電,惡,-,-,-,-,滿腹花紋,-,-,-,1499,140.5,96.3,118,28.5,電擊,氣場輪,精神之牙,5,4,3,50000,1596126
87.6,379,雷吉斯奇魯,鋼,,-,-,-,-,-,-,-,-,1499,95.7,190.1,129,22.5,鎖定,加農光炮,真氣彈,13,15,20,100000,2346311
87.4,711,南瓜怪人,幽靈,草,-,-,-,-,-,-,小尺寸,-,1499,116.9,153,107,25,燒盡,暗影球,種子炸彈,3,2,5,75000,1913042
87.3,36,皮可西,妖精,,-,-,-,-,-,-,-,-,1498,116.6,112.1,147,23,妖精之風,月亮之力,彗星拳,6,5,1,10000,1921642
87.2,452,龍王蠍,毒,惡,-,-,暗影,-,-,-,-,-,1500,117.9,136.9,118,22.5,毒針,咬碎,水流尾,5,4,5,75000,1903472
87.2,206,土龍弟弟,一般,,-,-,-,-,-,-,-,-,1499,104.8,111,184,37.5,咬住,直衝鑽,岩崩,10,12,3,50000,2139359
87.2,635,三首惡龍,惡,龍,-,-,-,-,-,-,-,-,1500,136.1,104.5,116,15,龍息,狂舞揮打*,飛翔,9,12,5,75000,1649711
87.2,503,大劍鬼,水,,-,-,-,-,-,-,-,-,1500,128,100.9,136,19.5,連斬,加農水砲*,超級角擊,10,14,3,10000,1756037
87.1,477,黑夜魔靈,幽靈,,-,-,-,-,-,-,-,-,1500,119.8,174.2,90,23.5,驚嚇,爆裂拳,暗影拳,5,4,3,50000,1878255
87.1,706,黏美龍,龍,,-,-,-,-,-,-,-,-,1499,119.7,134.1,117,16,龍息,水流尾,雷電拳*,9,10,5,75000,1878306
87.1,765,智揮猩,一般,超能力,-,-,-,-,-,-,-,-,1498,110.2,130.1,142,23,念力,狂舞揮打,起草,3,4,3,75000,2034972
87.1,208,大鋼蛇,鋼,地面,-,-,暗影,-,-,-,-,-,1497,98.4,183.3,126,23.5,雷電牙,精神之牙,咬碎,6,8,5,75000,2272944
86.9,683,芳香精,妖精,,-,-,-,-,-,-,-,-,1500,115.8,107.3,156,24,妖精之風,月亮之力,精神衝擊,6,5,3,50000,1939437
86.8,119,金魚王,水,,-,-,-,-,-,-,-,-,1500,121.9,109,138,26,啄,直衝鑽*,冰凍之風*,5,6,3,50000,1833820
86.8,372,甲殼龍,龍,,-,-,暗影,-,-,-,-,-,1498,123.3,119.1,123,27.5,龍息,龍捲風,噴射火焰,10,14,5,75000,1806077
86.8,618,泥巴魚,地面,鋼,伽勒爾,-,-,-,-,-,-,-,1499,101.5,126.7,172,26,泥巴射擊,岩崩,地震,5,8,5,75000,2211731
86.7,417,帕奇利茲,電,,-,-,-,-,-,-,-,-,1372,91.6,157.1,142,50,伏特替換,必殺門牙,雷電拳,4,3,5,75000,2043738
86.6,488,克雷色利亞,超能力,,-,-,-,-,-,-,-,-,1497,93.2,160.7,160,20,精神利刃,打草結*,月亮之力,6,6,20,100000,2396223
86.6,663,烈箭鷹,火,飛行,-,-,暗影,-,-,-,-,-,1500,121.4,112.7,135,25.5,燒盡*,蓄能焰襲,飛翔,3,3,1,10000,1846682
86.5,89,臭臭泥,毒,惡,阿羅拉,-,-,-,-,-,-,-,1491,115.9,111.7,148,20,毒擊,狂舞揮打,冰凍拳,5,6,3,50000,1916176
86.5,372,甲殼龍,龍,,-,-,-,-,-,-,-,-,1498,123.3,119.1,123,27.5,龍息,龍捲風,噴射火焰,10,14,5,75000,1806077
86.5,40,胖可丁,一般,妖精,-,-,-,-,-,-,-,-,1493,115.1,75.5,223,29,撒嬌,冰凍之風,高速星星,6,5,1,10000,1938893
86.4,860,詐唬魔,惡,妖精,-,-,-,-,-,-,-,-,1500,124.8,98,147,49.5,突襲,欺詐,嬉鬧,6,9,5,50000,1798764
86.4,8,卡咪龜,水,,-,-,-,-,-,-,-,-,1496,107.6,139.1,139,47.5,咬住,水流噴射,冰凍光束,10,14,3,10000,2080282
86.3,916,飄香豚,一般,,-,-,-,-,-,雌,-,-,1500,109.6,111.5,167,22.5,猛撞,泰山壓頂,起草,5,5,1,10000,2041611
86.3,618,泥巴魚,地面,電,-,-,-,-,-,-,-,-,1499,101.5,126.7,172,26,電擊,泥巴炸彈,放電,5,5,5,75000,2211731
86.2,768,具甲武者,蟲,水,-,-,-,-,-,-,-,-,1499,124.1,134.7,108,17.5,連斬,十字剪,水流噴射,10,10,1,10000,1804489
86.2,279,大嘴鷗,水,飛行,-,-,-,-,-,-,-,-,1500,123.3,128.7,115,26,翅膀攻擊,氣象球 水,暴風,5,8,3,50000,1825336
86.1,351,飄浮泡泡,火,,-,-,-,-,-,-,-,晴,1500,112.6,121.3,146,39.5,火花,氣象球 火,日光束,4,9,5,75000,1993800
86.1,452,龍王蠍,毒,惡,-,-,-,-,-,-,-,-,1500,117.9,136.9,118,22.5,毒針,咬碎,水流尾,5,4,5,75000,1903472
86,705,黏美兒,龍,,-,-,-,-,-,-,-,-,1499,114.2,133.8,128,27.5,龍息,泰山壓頂,龍之波動,10,14,5,75000,1955692
85.9,89,臭臭泥,毒,惡,阿羅拉,-,暗影,-,-,-,-,-,1491,115.9,111.7,148,20,毒擊,狂舞揮打,冰凍拳,5,6,3,50000,1916176
85.8,658,甲賀忍蛙,水,惡,-,-,暗影,-,-,-,-,-,1500,139.6,100.4,115,21,飛水手裡劍,加農水砲*,狂舞揮打,3,3,3,10000,1611397
85.8,364,海魔獅,冰,水,-,-,-,-,-,-,-,-,1500,109,112.8,168,36,細雪,衝浪,泰山壓頂,6,5,3,50000,2065168
85.7,973,纏紅鶴,飛行,格鬥,-,-,-,-,-,-,-,-,1500,138,95.6,123,20,啄,快手還擊,勇鳥猛攻,5,7,3,75000,1622436
85.7,241,大奶罐,一般,,-,-,-,-,-,-,-,-,1500,105.4,134.8,150,24,滾動,泰山壓頂,十萬馬力,4,5,5,75000,2130680
85.7,198,黑暗鴉,惡,飛行,-,-,暗影,-,-,-,-,-,1499,143.2,81.1,135,41,啄,啄鑽,欺詐,5,5,3,50000,1567720
85.7,468,波克基斯,妖精,飛行,-,-,-,-,-,-,-,-,1498,124.3,125.9,115,16.5,啄,精神衝擊,波導彈*,5,5,3,50000,1799029
85.7,365,帝牙海獅,冰,水,-,-,-,-,-,-,-,-,1500,112.5,114.9,154,20.5,細雪*,冰錐*,地震,5,9,3,50000,1990879
85.6,207,天蠍,地面,飛行,-,-,暗影,-,-,-,-,-,1498,108.5,145.3,131,31,翅膀攻擊,暗襲要害,挖洞,5,7,5,75000,2064887
85.6,968,拖拖蚓,鋼,,-,-,-,-,-,-,-,-,1497,109.1,154.1,122,24.5,擲泥,岩石封鎖,鐵頭,5,5,5,75000,2050646
85.5,350,美納斯,水,,-,-,-,-,-,-,-,-,1498,113.2,133.9,131,18.5,攀瀑,水流尾,緊束,4,5,5,75000,1985080
85.5,442,花岩怪,幽靈,惡,-,-,-,-,-,-,-,-,1498,120.8,147.9,104,27,突襲,岩石封鎖,暗影球,8,8,5,75000,1857210
85.4,558,岩殿居蟹,蟲,岩石,-,-,-,-,-,-,-,-,1499,120.3,134.7,115,22,連斬,十字剪,岩石炮,10,13,1,10000,1863686
85.4,350,美納斯,水,,-,-,暗影,-,-,-,-,-,1498,113.2,133.9,131,18.5,攀瀑,水流尾,緊束,4,5,5,75000,1985080
85.3,207,天蠍,地面,飛行,-,-,-,-,-,-,-,-,1498,108.5,145.3,131,31,翅膀攻擊,暗襲要害,挖洞,5,7,5,75000,2064887
85.3,748,超壞星,毒,水,-,-,-,-,-,-,-,-,1497,91.9,224.3,118,38,咬住,鹽水,污泥波,15,17,3,50000,2433080
85.2,487,騎拉帝納,幽靈,龍,-,-,暗影,-,別種,-,-,-,1487,105.3,125,159,16,龍息,龍爪,影子偷襲,13,13,20,100000,2092849
85.2,211,千針魚,惡,毒,洗翠,-,-,-,-,-,-,-,1494,128.1,112.4,121,26,毒針,水流尾,惡之波動,4,5,3,50000,1741533
85.2,733,銃嘴大鳥,一般,飛行,-,-,暗影,-,-,-,-,-,1500,137.3,96.8,123,20.5,啄,鳥嘴加農炮*,啄鑽,7,5,1,10000,1634212
85.1,737,蟲電寶,蟲,電,-,-,暗影,-,-,-,-,-,1497,114.8,134.8,126,36.5,伏特替換*,十字剪,放電,3,3,1,10000,1949448
85.1,186,蚊香蛙皇,水,,-,-,暗影,-,-,-,-,-,1498,114,124.3,139,23,泥巴射擊,氣象球 水,冰凍光束*,4,7,3,50000,1970072
85.1,208,大鋼蛇,鋼,地面,-,-,-,-,-,-,-,-,1497,98.4,183.3,126,23.5,雷電牙,精神之牙,咬碎,6,8,5,75000,2272944
85.1,538,投摔鬼,格鬥,,-,-,-,-,-,-,-,-,1499,110.3,107.8,171,22,踢倒,劈瓦,泰山壓頂,5,5,5,75000,2032228
85.1,634,雙首暴龍,惡,龍,-,-,-,-,-,-,-,-,1498,120.5,110.2,140,30.5,龍息,泰山壓頂,惡之波動,10,12,5,75000,1859224
85,563,死神棺,幽靈,,-,-,-,-,-,-,-,-,1500,111.7,165.3,109,24.5,暗影爪,暗影球,能量球,7,6,3,50000,2013466
85,53,貓老大,一般,,-,-,-,-,-,-,-,-,1498,118.6,116.3,137,36.5,抓,暗襲要害*,力量寶石,9,13,3,50000,1890318
85,413,結草貴婦,蟲,鋼,-,-,-,-,垃圾,-,-,-,1500,105,151.1,135,41,突襲,蟲鳴,鐵頭,9,8,1,10000,2141526
84.9,375,金屬怪,鋼,超能力,-,-,-,-,-,-,-,-,1498,109,145.8,129,36,連斬,精神衝擊,陀螺球,10,13,5,75000,2049614
84.9,503,大劍鬼,水,,-,-,暗影,-,-,-,-,-,1500,128,100.9,136,19.5,連斬,加農水砲*,超級角擊,10,14,3,10000,1756037
84.8,375,金屬怪,鋼,超能力,-,-,暗影,-,-,-,-,-,1498,109,145.8,129,36,連斬,精神衝擊,陀螺球,10,13,5,75000,2049614
84.8,227,盔甲鳥,鋼,飛行,-,-,-,-,-,-,-,-,1500,105.5,166.6,121,27,空氣斬,勇鳥猛攻,直衝鑽,7,5,5,75000,2126860
84.8,365,帝牙海獅,冰,水,-,-,暗影,-,-,-,-,-,1500,112.5,114.9,154,20.5,細雪*,冰錐*,地震,5,9,3,50000,1990879
84.8,8,卡咪龜,水,,-,-,暗影,-,-,-,-,-,1496,107.6,139.1,139,47.5,咬住,水流噴射,冰凍光束,10,14,3,10000,2080282
84.8,634,雙首暴龍,惡,龍,-,-,暗影,-,-,-,-,-,1498,120.5,110.2,140,30.5,龍息,泰山壓頂,惡之波動,10,12,5,75000,1859224
84.7,707,鑰圈兒,鋼,妖精,-,-,-,-,-,-,-,-,1497,118,137.4,117,29,驚嚇,欺詐,吸取之吻,4,6,3,50000,1896718
84.7,733,銃嘴大鳥,一般,飛行,-,-,-,-,-,-,-,-,1500,137.3,96.8,123,20.5,啄,鳥嘴加農炮*,啄鑽,7,5,1,10000,1634212
84.7,202,果然翁,超能力,,-,-,-,-,-,-,-,-,1160,63,101.7,333,50,雙倍奉還,鏡面反射,報恩<sup>†</sup>,8,12,3,50000,2133829
84.6,563,死神棺,幽靈,,-,-,暗影,-,-,-,-,-,1500,111.7,165.3,109,24.5,暗影爪,暗影球,能量球,7,6,3,50000,2013466
84.6,380,拉帝亞斯,龍,超能力,-,-,-,-,-,-,-,-,1498,124.5,138.9,104,16,龍息,波導彈,薄霧球*,10,15,20,100000,1798959
84.6,457,霓虹魚,水,,-,-,-,-,-,-,-,-,1498,109,137.4,137,32.5,起風,水流尾,銀色旋風,3,4,3,50000,2052476
84.5,502,雙刃丸,水,,-,-,-,-,-,-,-,-,1496,122.6,99.8,149,35,連斬,水流尾,十字剪,9,10,3,10000,1822620
84.5,783,鱗甲龍,龍,格鬥,-,-,-,-,-,-,-,-,1498,115.5,135.6,124,36.5,龍尾,劈瓦,岩石封鎖,4,5,5,75000,1942416
84.5,171,電燈怪,水,電,-,-,-,-,-,-,-,-,1500,104.8,105.5,194,27,水槍,衝浪,十萬伏特,15,19,3,50000,2145463
84.5,463,大舌舔,一般,,-,-,-,-,-,-,-,-,1499,105.7,125.6,160,23,滾動,泰山壓頂*,暗影球,4,4,3,50000,2123761
84.4,939,電肚蛙,電,,-,-,-,-,-,-,-,-,1500,115.1,110.2,154,21,電擊,電磁炮,拋物面充電,9,6,1,50000,1952887
84.4,723,投羽梟,草,飛行,-,-,-,-,-,-,-,-,1500,112.5,115.5,154,36.5,啄,勇鳥猛攻,能量球,7,6,3,10000,2001159
84.4,784,杖尾鱗甲龍,龍,格鬥,-,-,-,-,-,-,-,-,1497,123.7,137.8,106,16.5,龍尾,鱗片噪音*,快手還擊,4,4,5,75000,1807554
84.4,221,長毛豬,冰,地面,-,-,-,-,-,-,-,-,1500,121.1,99.5,154,24,細雪,冰錐,十萬馬力,5,7,3,50000,1854684
84.2,699,冰雪巨龍,岩石,冰,-,-,-,-,-,-,-,-,1500,113.5,106.3,164,20,細雪,氣象球 冰,流星光束,5,8,5,75000,1979465
84.2,832,毛毛角羊,一般,,-,-,-,-,-,-,-,-,1497,110.6,143,128,25.5,猛撞,泰山壓頂,瘋狂伏特,5,5,3,10000,2025159
84.2,658,甲賀忍蛙,水,惡,-,-,-,-,-,-,-,-,1500,139.6,100.4,115,21,飛水手裡劍,加農水砲*,狂舞揮打,3,3,3,10000,1611397
84.2,303,大嘴娃,鋼,妖精,-,-,-,-,-,-,-,-,1497,124.8,120.8,119,39,妖精之風,夾住,鐵頭,5,6,5,75000,1793917
84.2,186,蚊香蛙皇,水,,-,-,-,-,-,-,-,-,1498,114,124.3,139,23,泥巴射擊,氣象球 水,冰凍光束*,4,7,3,50000,1970072
84.2,62,蚊香泳士,水,格鬥,-,-,-,-,-,-,-,-,1500,115.8,122,137,21.5,泥巴射擊,冰凍之風,爆裂拳,5,5,3,50000,1936317
84.2,28,穿山王,冰,鋼,阿羅拉,-,-,-,-,-,-,-,1499,116,133.3,125,23,細雪,冰凍拳,直衝鑽,5,5,3,50000,1931513
84.1,166,安瓢蟲,蟲,飛行,-,-,-,-,-,-,-,-,1496,101.4,162.5,134,49.5,滾動,爆裂拳,雜技,4,5,1,10000,2207885
84.1,272,樂天河童,水,草,-,-,-,-,-,-,-,-,1500,116.5,123.7,134,24,驚嚇,氣象球 水,能量球,4,5,3,50000,1930725
84.1,243,雷公,電,,-,-,-,-,-,-,-,-,1498,132,110.6,116,16,電擊,瘋狂伏特,波導彈,5,5,20,100000,1693495
84.1,176,波克基古,妖精,飛行,-,-,-,-,-,-,-,-,1498,110.2,150.2,123,36.5,妖精之風,熱風,吸取之吻,5,7,3,50000,2035132
84.1,110,雙彈瓦斯,毒,妖精,伽勒爾,-,暗影,-,-,-,-,-,1499,117.7,139.5,116,24.5,妖精之風,污泥攻擊,狂舞揮打,5,4,3,50000,1904809
84,53,貓老大,一般,,-,-,暗影,-,-,-,-,-,1498,118.6,116.3,137,36.5,抓,暗襲要害*,力量寶石,9,13,3,50000,1890318
84,364,海魔獅,冰,水,-,-,暗影,-,-,-,-,-,1500,109,112.8,168,36,細雪,衝浪,泰山壓頂,6,5,3,50000,2065168
83.9,9,水箭龜,水,,-,-,暗影,-,-,-,-,-,1500,112.1,137.7,130,23,咬住,加農水砲*,火箭頭錘,10,19,3,10000,2007546
83.9,904,萬針魚,惡,毒,-,-,-,-,-,-,-,-,1498,131,106.9,122,18.5,毒針,水流尾,惡之波動,4,5,5,75000,1708017
83.9,317,吞食獸,毒,,-,-,-,-,-,-,-,-,1498,103.4,122.7,171,28.5,死纏爛打,污泥攻擊,冰凍光束,4,5,1,10000,2169090
83.8,460,暴雪王,草,冰,-,-,-,-,-,-,-,-,1495,117.9,112,143,23.5,細雪,氣象球 冰,能量球,5,6,3,50000,1888173
83.8,587,電飛鼠,電,飛行,-,-,-,-,-,-,-,-,1498,127.6,110.2,125,39.5,電擊,雜技,放電,7,5,1,10000,1758025
83.8,730,西獅海壬,水,妖精,-,-,-,-,-,-,-,-,1500,131.6,115.7,112,17,攀瀑,月亮之力,加農水砲*,5,4,3,10000,1705342
83.8,867,死神板,地面,幽靈,-,-,-,-,-,-,-,-,1500,111.7,165.3,109,24.5,暗影爪,暗影球,岩石封鎖,7,7,3,50000,2013466
83.7,691,毒藻龍,毒,龍,-,-,-,-,-,-,-,-,1500,117.9,143.1,113,23.5,溶解液,水流尾,逆鱗,5,8,3,50000,1906032
83.7,326,噗噗豬,超能力,,-,-,暗影,-,-,-,-,-,1497,113.3,131.5,132,23.5,精神波,爆裂拳,鏡面反射,12,12,1,10000,1966510
83.7,26,雷丘,電,,-,-,-,-,-,-,-,-,1500,133.6,110.6,114,25.5,伏特替換,伏特攻擊,起草,3,3,1,10000,1684547
83.7,78,烈焰馬,火,,-,-,暗影,-,-,-,-,-,1499,133.7,111.5,112,22.5,燒盡,直衝鑽,瘋狂伏特*,2,3,3,50000,1669979
83.6,460,暴雪王,草,冰,-,-,暗影,-,-,-,-,-,1495,117.9,112,143,23.5,細雪,氣象球 冰,能量球,5,6,3,50000,1888173
83.6,700,仙子伊布,妖精,,-,-,-,-,-,-,-,-,1498,117.3,124.7,130,18,妖精之風,精神衝擊*,吸取之吻,5,7,5,75000,1901632
83.5,411,護城龍,岩石,鋼,-,-,-,-,-,-,-,-,1496,80.6,247.7,139,46.5,擊落,尖石攻擊,噴射火焰,7,7,5,75000,2775875
83.5,660,掘地兔,一般,地面,-,-,暗影,-,-,-,-,-,1499,95.7,140.3,174,47,泥巴射擊,熱沙大地,火焰拳,6,5,1,10000,2337114
83.5,820,藏飽栗鼠,一般,,-,-,-,-,-,-,-,-,1497,106.9,110.7,177,23.5,咬住,泰山壓頂,起草,10,12,1,10000,2094312
83.5,264,直衝熊,一般,,-,-,-,-,-,-,-,-,1497,114.1,111.8,154,38.5,暗影爪,高速星星,打草結,5,7,1,10000,1965124
83.5,324,煤炭龜,火,,-,-,-,-,-,-,-,-,1499,107.6,151.3,128,27,火花,火焰輪,過熱,5,7,3,50000,2083996
83.5,313,電螢蟲,蟲,,-,-,-,-,-,-,-,-,1500,111.4,136.2,133,33.5,死纏爛打,猛撲,十萬伏特,4,5,3,50000,2018689
83.4,701,摔角鷹人,格鬥,飛行,-,-,-,-,-,-,-,-,1497,127.5,107.6,128,23,踢倒,飛身重壓,燕返,5,6,5,75000,1756378
83.4,229,黑魯加,惡,火,-,-,暗影,-,-,-,-,-,1500,139.6,97.3,118,21,燒盡,欺詐,起草,2,3,3,50000,1603024
83.4,925,一家鼠,一般,,-,-,-,-,-,-,-,-,1498,116.2,122,136,28.5,猛撞,高速星星,咬碎,4,5,1,10000,1928003
83.4,28,穿山王,冰,鋼,阿羅拉,-,暗影,-,-,-,-,-,1499,116,133.3,125,23,細雪,冰凍拳,直衝鑽,5,5,3,50000,1931513
83.3,423,海兔獸,水,地面,-,-,-,-,-,-,-,-,1495,113.2,103.4,168,24,擲泥,泰山壓頂,大地之力,4,5,3,50000,1966737
83.3,675,流氓熊貓,格鬥,惡,-,-,-,-,-,-,-,-,1500,133.9,93.7,133,19,空手劈,近身戰,暗襲要害,5,4,3,50000,1669812
83.3,685,胖甜妮,妖精,,-,-,-,-,-,-,-,-,1498,116,119.4,139,25.5,妖精之風,吸取之吻,能量球,7,5,3,50000,1925688
83.2,110,雙彈瓦斯,毒,妖精,伽勒爾,-,-,-,-,-,-,-,1499,117.7,139.5,116,24.5,妖精之風,污泥攻擊,狂舞揮打,5,4,3,50000,1904809
83.1,149,快龍,龍,飛行,-,-,暗影,-,-,-,-,-,1498,135.8,107.3,113,14.5,龍息,雷電拳,蠻力,10,10,5,75000,1647398
83.1,768,具甲武者,蟲,水,-,-,-,-,-,-,-,-,1499,124.1,134.7,108,17.5,暗影爪,水流噴射,十字剪,5,5,1,10000,1804489
83.1,130,暴鯉龍,水,飛行,-,-,-,-,-,-,-,-,1498,130.8,108.5,121,16.5,龍息,水流尾*,龍捲風,9,10,1,10000,1717312
83.1,428,長耳兔,一般,,-,-,-,-,-,-,-,-,1499,112.1,143.6,124,27.5,踢倒,雷電拳,三旋擊,5,6,3,50000,1996020
83,68,怪力,格鬥,,-,-,暗影,-,-,-,-,-,1498,135.5,98.6,124,18,空手劈*,十字劈,岩崩,4,5,3,50000,1656376
83,227,盔甲鳥,鋼,飛行,-,-,暗影,-,-,-,-,-,1500,105.5,166.6,121,27,空氣斬,勇鳥猛攻,直衝鑽,7,5,5,75000,2126860
82.9,437,青銅鐘,鋼,超能力,-,-,-,-,-,-,-,-,1500,110.9,152.3,120,25,念力,精神衝擊,重踏,3,4,3,50000,2026242
82.9,351,飄浮泡泡,水,,-,-,-,-,-,-,-,雨,1500,112.6,121.3,146,39.5,水槍,氣象球 水,打雷,12,20,5,75000,1993800
82.9,6,噴火龍,火,飛行,-,-,暗影,-,-,-,-,-,1498,132.8,108.9,117,19,火花*,爆炸烈焰*,空氣利刃,6,5,3,10000,1691315
82.9,211,千針魚,水,毒,-,-,暗影,-,-,-,-,-,1497,131.2,105.5,123,27,毒針,水流尾,暗影球,4,6,3,50000,1702587
82.9,538,投摔鬼,格鬥,,-,-,暗影,-,-,-,-,-,1499,110.3,107.8,171,22,踢倒,劈瓦,泰山壓頂,5,5,5,75000,2032228
82.8,380,拉帝亞斯,龍,超能力,-,-,暗影,-,-,-,-,-,1500,126.8,135.2,103,15.5,龍息,波導彈,薄霧球*,10,15,20,100000,1764672
82.8,212,巨鉗螳螂,蟲,鋼,-,-,-,-,-,-,-,-,1500,137.9,112,105,18.5,連斬,暗襲要害,起草,9,12,5,75000,1622257
82.7,962,下石鳥,飛行,惡,-,-,-,-,-,-,-,-,1497,127.8,117.2,117,22,突襲,飛翔,直衝鑽,7,6,5,75000,1752237
82.7,975,浩大鯨,冰,,-,-,-,-,-,-,-,-,1500,120.2,77.1,202,18,細雪,冰錐,蠻力,5,5,3,50000,1870752
82.7,105,嘎啦嘎啦,火,幽靈,阿羅拉,-,暗影,-,-,-,-,-,1496,109.6,148.9,125,31.5,火焰旋渦,暗影之骨*,骨棒,5,4,3,50000,2040576
82.7,303,大嘴娃,鋼,妖精,-,-,暗影,-,-,-,-,-,1497,124.8,120.8,119,39,妖精之風,夾住,鐵頭,5,6,5,75000,1793917
82.7,901,月月熊,地面,一般,-,-,-,-,-,-,-,-,1500,125.6,98.7,144,14.5,抓,雷電拳,十萬馬力*,10,14,3,50000,1785614
82.6,159,藍鱷,水,,-,-,-,-,-,-,-,-,1500,117.7,120,135,35.5,抓,冰凍拳,水之波動,10,13,3,10000,1907626
82.6,85,嘟嘟利,一般,飛行,-,-,-,-,-,-,-,-,1496,143.8,98.4,110,23.5,啄,啄鑽,勇鳥猛攻,5,7,3,50000,1556601
82.6,105,嘎啦嘎啦,火,幽靈,阿羅拉,-,-,-,-,-,-,-,1496,109.6,148.9,125,31.5,火焰旋渦,骨棒,暗影之骨*,4,5,3,50000,2040576
82.5,591,敗露球菇,草,毒,-,-,-,-,-,-,-,-,1498,109.3,105.9,177,26.5,驚嚇,欺詐,打草結,4,5,3,50000,2049605
82.5,558,岩殿居蟹,蟲,岩石,-,-,暗影,-,-,-,-,-,1499,120.3,134.7,115,22,連斬,十字剪,岩石炮,10,13,1,10000,1863686
82.5,108,大舌頭,一般,,-,-,-,-,-,-,-,-,1491,96.6,127.7,186,50,舌舔,泰山壓頂*,強力鞭打,14,17,3,50000,2295742
82.5,67,豪力,格鬥,,-,-,暗影,-,-,-,-,-,1499,126.8,97.4,143,27.5,空手劈,十字劈*,爆裂拳,4,5,3,50000,1765627
82.5,31,尼多后,毒,地面,-,-,-,-,-,-,-,-,1498,116.6,118.5,139,22.5,擲泥,大地之力,劇毒牙,5,4,3,50000,1920313
82.5,73,毒刺水母,水,毒,-,-,-,-,-,-,-,-,1495,108.9,143.5,131,23,溶解液,熱水,以牙還牙,7,8,3,50000,2047453
82.4,502,雙刃丸,水,,-,-,暗影,-,-,-,-,-,1499,124.1,99.8,146,35,連斬,水流尾,十字剪,9,10,3,10000,1808108
82.4,130,暴鯉龍,水,飛行,-,-,暗影,-,-,-,-,-,1498,130.8,108.5,121,16.5,龍息,水流尾*,龍捲風,9,10,1,10000,1717312
82.4,221,長毛豬,冰,地面,-,-,暗影,-,-,-,-,-,1500,121.1,99.5,154,24,細雪,冰錐,十萬馬力,5,7,3,50000,1854684
82.4,26,雷丘,電,超能力,阿羅拉,-,-,-,-,-,-,-,1498,135.5,109.9,111,24,伏特替換,伏特攻擊,精神衝擊,3,3,1,10000,1653242
82.4,78,烈焰馬,火,,-,-,-,-,-,-,-,-,1499,133.7,111.5,112,22.5,燒盡,直衝鑽,瘋狂伏特*,2,3,3,50000,1669979
82.3,181,電龍,電,,-,-,-,-,-,-,-,-,1497,126.8,107.9,129,19.5,伏特替換,狂舞揮打,起草,3,3,5,75000,1766112
82.3,68,怪力,格鬥,,-,-,-,-,-,-,-,-,1498,135.5,98.6,124,18,空手劈*,十字劈,岩崩,4,5,3,50000,1656376
82.3,164,貓頭夜鷹,一般,飛行,-,-,-,-,-,-,-,-,1500,105.3,120.2,168,28,翅膀攻擊,暗影球,報恩<sup>†</sup>,7,9,1,10000,2126381
82.3,18,大比鳥,一般,飛行,-,-,-,-,-,-,-,-,1499,116.9,115.5,142,26.5,起風*,龍捲風,勇鳥猛攻,3,4,1,10000,1917898
82.3,914,狂歡浪舞鴨,水,格鬥,-,-,-,-,-,-,-,-,1499,137.7,98.6,120,18,踢倒,近身戰,加農水砲*,6,5,3,10000,1629772
82.2,182,美麗花,草,,-,-,-,-,-,-,-,-,1498,115.1,132.2,128,24.5,溶解液,葉刃,魔法閃耀,5,7,3,50000,1947512
82.2,673,坐騎山羊,草,,-,-,-,-,-,-,-,-,1499,119.7,95,165,19.5,藤鞭,葉刃,岩崩,5,6,3,50000,1876484
82.1,861,長毛巨魔,惡,妖精,-,-,-,-,-,-,-,-,1499,136.3,90.8,133,19.5,突襲,欺詐,吸取之吻,6,8,5,50000,1646354
82.1,62,蚊香泳士,水,格鬥,-,-,暗影,-,-,-,-,-,1500,115.8,122,137,21.5,泥巴射擊,冰凍之風,爆裂拳,5,5,3,50000,1936317
82.1,212,巨鉗螳螂,蟲,鋼,-,-,暗影,-,-,-,-,-,1500,137.9,112,105,18.5,連斬,暗襲要害,起草,9,12,5,75000,1622257
82,144,急凍鳥,冰,飛行,-,-,-,-,-,-,-,-,1496,112.6,139.6,126,18.5,細雪,冰凍之風,暴風*,6,8,20,100000,1981151
82,166,安瓢蟲,蟲,飛行,-,-,暗影,-,-,-,-,-,1496,101.4,162.5,134,49.5,滾動,爆裂拳,雜技,4,5,1,10000,2207885
81.9,181,電龍,電,,-,-,暗影,-,-,-,-,-,1497,126.8,107.9,129,19.5,伏特替換,狂舞揮打,起草,3,3,5,75000,1766112
81.8,346,搖籃百合,岩石,草,-,-,暗影,-,-,-,-,-,1497,105.2,140.3,144,25.5,溶解液,岩石封鎖,打草結,7,7,3,50000,2126277
81.8,352,變隱龍,一般,,-,-,-,-,-,-,-,-,1499,115.6,142.2,118,27.5,突襲,雷電拳,爆裂拳,6,7,5,75000,1939686
81.8,71,大食花,草,毒,-,-,暗影,-,-,-,-,-,1498,135.2,93.5,131,23,突襲,葉刃,酸液炸彈,5,7,3,50000,1656351
81.6,6,噴火龍,火,飛行,-,-,-,-,-,-,-,-,1498,132.8,108.9,117,19,火花*,爆炸烈焰*,空氣利刃,6,5,3,10000,1691315
81.6,533,鐵骨土人,格鬥,,-,-,暗影,-,-,-,-,-,1499,125.3,100.1,143,26,踢倒,劈瓦,尖石攻擊,5,7,5,75000,1794633
81.6,338,太陽岩,岩石,超能力,-,-,-,-,-,-,-,-,1496,119.1,108.6,145,24,精神波,氣象球 火,岩崩,9,12,3,50000,1876210
81.5,257,火焰雞,火,格鬥,-,-,暗影,-,-,-,-,-,1497,143.9,90.8,119,19.5,火花,波導彈,火焰踢,5,4,3,10000,1555953
81.5,344,念力土偶,地面,超能力,-,-,-,-,-,-,-,-,1500,103.6,172.7,121,29,擲泥,岩石封鎖,暗影球,5,5,3,50000,2164207
81.5,475,艾路雷朵,超能力,格鬥,-,-,暗影,-,-,-,-,-,1499,136.6,115.6,104,18,精神利刃,葉刃,聖劍,4,4,5,75000,1642368
81.5,262,大狼犬,惡,,-,-,-,-,-,-,-,-,1497,125.9,105.8,133,29,突襲,咬碎,劇毒牙,7,6,1,10000,1770707
81.5,262,大狼犬,惡,,-,-,暗影,-,-,-,-,-,1497,125.9,105.8,133,29,突襲,咬碎,劇毒牙,7,6,1,10000,1770707
81.5,121,寶石海星,水,超能力,-,-,-,-,-,-,-,-,1500,133.2,122,104,21.5,精神波,水流噴射,力量寶石,10,13,3,50000,1689998
81.4,198,黑暗鴉,惡,飛行,-,-,-,-,-,-,-,-,1499,143.2,81.1,135,41,啄,啄鑽,欺詐,5,5,3,50000,1567720
81.4,849,顫弦蠑螈,電,毒,-,-,-,-,-,-,-,-,1500,141.2,95.4,118,21.5,溶解液,瘋狂伏特,高速星星,6,5,5,75000,1589592
81.3,121,寶石海星,水,超能力,-,-,暗影,-,-,-,-,-,1500,133.2,122,104,21.5,精神波,水流噴射,力量寶石,10,13,3,50000,1689998
81.3,581,舞天鵝,水,飛行,-,-,-,-,-,-,-,-,1497,128.6,101.1,134,26.5,起風,水流噴射,飛翔,3,4,3,50000,1741978
81.3,581,舞天鵝,水,飛行,-,-,暗影,-,-,-,-,-,1497,128.6,101.1,134,26.5,起風,水流噴射,飛翔,3,4,3,50000,1741978
81.3,949,陸地水母,地面,草,-,-,-,-,-,-,-,-,1495,108.9,143.5,131,23,擲泥,種子炸彈,大地之力,4,5,3,50000,2047453
81.3,807,捷拉奧拉,電,,-,-,-,-,-,-,-,-,1484,138.3,101,114,15.5,伏特替換,等離子閃電拳,爆裂拳,3,3,20,100000,1592349
81.2,446,小卡比獸,一般,,-,-,-,-,-,-,-,-,1499,103.2,96.6,218,30,撞擊,泰山壓頂,重踏,14,19,5,10000,2172279
81.1,182,美麗花,草,,-,-,暗影,-,-,-,-,-,1498,115.1,132.2,128,24.5,溶解液,葉刃,魔法閃耀,5,7,3,50000,1947512
81.1,337,月石,岩石,超能力,-,-,-,-,-,-,-,-,1496,119.1,108.6,145,24,精神波,氣象球 冰,岩崩,9,12,3,50000,1876210
81.1,243,雷公,電,,-,-,暗影,-,-,-,-,-,1489,133.6,109.9,113,15.5,電擊,瘋狂伏特,波導彈,5,5,20,100000,1659339
81.1,732,喇叭啄鳥,一般,飛行,-,-,暗影,-,-,-,-,-,1492,133.7,94.3,132,46,啄,啄鑽,岩石爆擊,5,5,1,10000,1664964
81,997,凍脊龍,龍,冰,-,-,-,-,-,-,-,-,1500,122.9,98.6,151,27,龍息,雪崩,龍爪,12,13,5,75000,1828678
81,699,冰雪巨龍,岩石,冰,-,-,暗影,-,-,-,-,-,1500,113.5,106.3,164,20,細雪,氣象球 冰,流星光束,5,8,5,75000,1979465
81,702,咚咚鼠,電,妖精,-,-,-,-,-,-,-,-,1498,124.4,109,133,30,電擊,放電,嬉鬧,5,7,3,50000,1803653
81,533,鐵骨土人,格鬥,,-,-,-,-,-,-,-,-,1499,125.3,100.1,143,26,踢倒,劈瓦,尖石攻擊,5,7,5,75000,1794633
81,97,引夢貘人,超能力,,-,-,-,-,-,-,-,-,1500,103.4,143,147,27,念力,暗影球,雷電拳,4,3,3,50000,2174050
81,211,千針魚,水,毒,-,-,-,-,-,-,-,-,1497,131.2,105.5,123,27,毒針,水流尾,暗影球,4,6,3,50000,1702587
81,532,搬運小匠,格鬥,,-,-,-,-,-,-,-,-,1487,125.2,85.7,164,50,踢倒,劈瓦,岩石封鎖,5,7,5,75000,1759945
81,958,巧鍛匠,妖精,鋼,-,-,-,-,-,-,-,-,1477,104.2,134.4,149,50,妖精之風,嬉鬧,加農光炮,7,8,3,75000,2087357
80.9,591,敗露球菇,草,毒,-,-,暗影,-,-,-,-,-,1498,109.3,105.9,177,26.5,驚嚇,打草結,欺詐,5,4,3,50000,2049605
80.9,351,飄浮泡泡,一般,,-,-,-,-,-,-,-,-,1500,112.6,121.3,146,39.5,禍不單行,氣象球 岩石,能量球,3,4,5,75000,1993800
80.9,385,基拉祈,鋼,超能力,-,-,-,-,-,-,-,-,1498,120.5,119.4,129,16.5,念力,破滅之願,波導彈,3,3,20,100000,1855163
80.9,18,大比鳥,一般,飛行,-,-,暗影,-,-,-,-,-,1499,116.9,115.5,142,26.5,起風*,龍捲風,勇鳥猛攻,3,4,1,10000,1917898
80.9,901,月月熊,地面,一般,-,-,暗影,-,-,-,-,-,1500,125.6,98.7,144,14.5,抓,雷電拳,十萬馬力*,10,14,3,50000,1785614
80.9,480,由克希,超能力,,-,-,-,-,-,-,-,-,1497,102.1,176.1,122,22,念力,高速星星,打雷,3,5,20,100000,2193759
80.8,257,火焰雞,火,格鬥,-,-,-,-,-,-,-,-,1497,143.9,90.8,119,19.5,火花,波導彈,爆炸烈焰*,5,6,3,10000,1555953
80.8,488,克雷色利亞,超能力,,-,-,暗影,-,-,-,-,-,1467,92,159,160,19,精神利刃,打草結*,月亮之力,6,6,20,100000,2339924
80.8,87,白海獅,水,冰,-,-,暗影,-,-,-,-,-,1498,102,136.9,157,28.5,冰礫*,冰凍之風*,直衝鑽,5,4,3,50000,2192411
80.8,983,仆斬將軍,惡,鋼,-,-,-,-,-,-,-,-,1500,127.3,112,124,15.5,踢倒,欺詐,鐵頭,5,7,5,75000,1768045
80.8,57,火爆猴,格鬥,,-,-,暗影,-,-,-,-,-,1498,138.7,100.1,116,24,空手劈*,憤怒之拳*,冰凍拳,5,5,3,50000,1611459
80.8,627,毛頭小鷹,一般,飛行,-,-,-,-,-,-,-,-,1500,126.7,92.2,152,46.5,啄,勇鳥猛攻,飛翔,7,6,5,75000,1774904
80.8,145,閃電鳥,電,飛行,-,-,暗影,-,-,-,-,-,1489,138.1,103.5,112,15,電擊*,啄鑽,熱風,5,5,20,100000,1601039
80.7,600,齒輪組,鋼,,-,-,-,-,-,-,-,-,1498,114.1,137.8,125,31.5,金屬音,夾住,十萬伏特,5,7,5,75000,1964847
80.7,754,蘭螳花,草,,-,-,-,-,-,-,-,-,1495,126.2,117.9,119,23,樹葉,葉刃,蠻力,5,5,3,50000,1770422
80.7,216,熊寶寶,一般,,-,-,暗影,-,-,-,-,-,1493,131.5,90.5,142,49.5,抓,高速星星,十字劈,9,9,3,50000,1690038
80.7,709,朽木妖,幽靈,草,-,-,暗影,-,-,-,-,-,1499,127.8,104.6,131,22,暗影爪,暗影球,欺詐,7,5,5,75000,1752077
80.7,71,大食花,草,毒,-,-,-,-,-,-,-,-,1498,135.2,93.5,131,23,突襲,葉刃,污泥炸彈,5,8,3,50000,1656351
80.6,652,布里卡隆,草,格鬥,-,-,-,-,-,-,-,-,1497,119.4,126.9,124,19,踢倒,瘋狂植物*,蠻力,6,5,3,10000,1878859
80.6,945,塗標客,毒,一般,-,-,-,-,-,-,-,-,1498,134.2,107.8,115,24.5,抓,劇毒牙,欺詐,10,10,3,50000,1663690
80.6,97,引夢貘人,超能力,,-,-,暗影,-,-,-,-,-,1500,103.4,143,147,27,念力,雷電拳,冰凍拳,3,3,3,50000,2174050
80.6,379,雷吉斯奇魯,鋼,,-,-,暗影,-,-,-,-,-,1481,95.5,189,127,23,鎖定,加農光炮,真氣彈,13,15,20,100000,2291172
80.5,159,藍鱷,水,,-,-,暗影,-,-,-,-,-,1500,117.7,120,135,35.5,抓,冰凍拳,水之波動,10,13,3,10000,1907626
80.5,472,天蠍王,地面,飛行,-,-,-,-,-,-,-,-,1499,115.7,144.5,116,21,翅膀攻擊,暗襲要害,雜技,5,7,5,75000,1938911
80.5,503,大劍鬼,水,惡,洗翠,-,-,-,-,-,-,-,1499,132.6,96.8,132,20,連斬,聖劍,惡之波動,9,12,3,10000,1694230
80.4,351,飄浮泡泡,冰,,-,-,-,-,-,-,-,雪,1500,112.6,121.3,146,39.5,細雪,氣象球 冰,暴風雪,5,10,5,75000,1993800
80.3,168,阿利多斯,蟲,毒,-,-,-,-,-,-,-,-,1497,124.2,103.9,140,33.5,毒針,猛撲,欺詐,5,5,1,10000,1806211
80.3,923,巴布土撥,電,格鬥,-,-,-,-,-,-,-,-,1500,145.1,95.5,112,21,電擊,劈瓦*,瘋狂伏特,5,5,3,75000,1551733
80.3,892,武道熊師,格鬥,惡,-,-,-,-,一擊流,-,-,-,1489,136.6,97.8,121,15,突襲,劈瓦,爆裂拳,6,7,20,100000,1616195
80.2,190,長尾怪手,一般,,-,-,-,-,-,-,-,-,1494,124.4,106.7,135,50,抓,高速星星,燕返,9,12,3,50000,1791711
80.2,190,長尾怪手,一般,,-,-,暗影,-,-,-,-,-,1494,124.4,106.7,135,50,抓,高速星星,燕返,9,12,3,50000,1791711
80.2,920,烈腿蝗,蟲,惡,-,-,-,-,-,-,-,-,1499,132.9,104.1,122,24,突襲,十字剪,起草,6,7,1,50000,1686502
80.2,219,熔岩蝸牛,火,岩石,-,-,-,-,-,-,-,-,1500,110.9,156.4,117,36.5,火花,岩石封鎖,過熱,6,7,1,10000,2029369
80.2,154,大竺葵,草,,-,-,-,-,-,-,-,-,1497,110.8,139,131,23,藤鞭,瘋狂植物*,地震,6,9,3,10000,2018472
80.2,3,妙蛙花,草,毒,-,-,-,-,-,-,-,-,1500,122.2,122.2,123,20.5,藤鞭,瘋狂植物*,污泥攻擊,6,5,3,10000,1835969
80.2,416,蜂女王,蟲,飛行,-,-,-,-,-,-,-,-,1499,108.9,143.5,132,28,連斬,十字剪,力量寶石,10,13,3,50000,2061993
80.2,145,閃電鳥,電,飛行,-,-,-,-,-,-,-,-,1493,135.7,104.7,115,15.5,電擊*,啄鑽,熱風,5,5,20,100000,1633229
80.1,475,艾路雷朵,超能力,格鬥,-,-,-,-,-,-,-,-,1499,136.6,115.6,104,18,精神利刃,葉刃,聖劍,4,4,5,75000,1642368
80.1,649,蓋諾賽克特,蟲,鋼,-,-,-,-,-,-,-,-,1498,141.1,111.7,100,16,連斬,十字剪,磁鐵炸彈,10,10,20,100000,1575465
80.1,31,尼多后,毒,地面,-,-,暗影,-,-,-,-,-,1498,116.6,118.5,139,22.5,擲泥,大地之力,劇毒牙,5,4,3,50000,1920313
80.1,53,貓老大,惡,,阿羅拉,-,-,-,-,-,-,-,1498,122.4,112.6,133,34,抓,欺詐,嬉鬧,10,15,3,50000,1833307
80.1,496,青藤蛇,草,,-,-,-,-,-,-,-,-,1494,105.9,140.3,142,50,藤鞭,打草結,緊束,7,6,3,10000,2109814
80.1,709,朽木妖,幽靈,草,-,-,-,-,-,-,-,-,1499,127.8,104.6,131,22,暗影爪,種子炸彈,暗影球,5,7,5,75000,1752077
80,151,夢幻,超能力,,-,-,-,-,-,-,-,-,1498,120.5,119.4,129,16.5,暗影爪,瘋狂伏特,精神衝擊,6,5,20,100000,1855163
80,560,頭巾混混,惡,格鬥,-,-,-,-,-,-,-,-,1495,110.4,156.7,117,24.5,雙倍奉還,欺詐,快手還擊,7,7,3,50000,2024611
80,532,搬運小匠,格鬥,,-,-,暗影,-,-,-,-,-,1487,125.2,85.7,164,50,踢倒,劈瓦,岩石封鎖,5,7,5,75000,1759945
80,547,風妖精,草,妖精,-,-,-,-,-,-,-,-,1499,118.8,135,118,28,妖精之風,種子炸彈,月亮之力,5,6,1,10000,1892000
79.9,698,冰雪龍,岩石,冰,-,-,暗影,-,-,-,-,-,1500,114.3,104.2,165,50,細雪,氣象球 冰,十萬伏特,5,7,5,75000,1964777
79.9,826,以歐路普,蟲,超能力,-,-,-,-,-,-,-,-,1496,107.9,168.6,114,25.5,精神利刃,精神衝擊,蟲鳴,5,7,1,10000,2075077
79.9,377,雷吉洛克,岩石,,-,-,-,-,-,-,-,-,1500,104.5,179.9,114,17.5,鎖定,尖石攻擊,真氣彈,11,15,20,100000,2143693
79.9,216,熊寶寶,一般,,-,-,-,-,-,-,-,-,1493,131.5,90.5,142,49.5,抓,高速星星,十字劈,9,9,3,50000,1690038
79.9,732,喇叭啄鳥,一般,飛行,-,-,-,-,-,-,-,-,1499,134.1,93.3,134,48.5,啄,啄鑽,岩石爆擊,5,5,1,10000,1675846
79.8,149,快龍,龍,飛行,-,-,-,-,-,-,-,-,1498,135.8,107.3,113,14.5,龍息,雷電拳,蠻力,10,10,5,75000,1647398
79.8,426,隨風球,幽靈,飛行,-,-,暗影,-,-,-,-,-,1500,119.2,75.8,209,23.5,驚嚇,冰凍之風,暗影球,5,5,5,75000,1886853
79.8,229,黑魯加,惡,火,-,-,-,-,-,-,-,-,1500,139.6,97.3,118,21,燒盡,欺詐,起草,2,3,3,50000,1603024
79.8,916,飄香豚,一般,,-,-,-,-,-,-,-,-,1496,117.7,101.6,159,21.5,猛撞,泰山壓頂,起草,5,5,1,10000,1900828
79.8,20,拉達,惡,一般,阿羅拉,-,-,-,-,-,-,-,1497,107.1,130.2,150,36.5,咬住,咬碎,報恩<sup>†</sup>,12,18,1,10000,2090786
79.8,73,毒刺水母,水,毒,-,-,暗影,-,-,-,-,-,1495,108.9,143.5,131,23,溶解液,熱水,以牙還牙,7,8,3,50000,2047453
79.8,340,鯰魚王,水,地面,-,-,-,-,-,-,-,-,1495,107.6,108.3,178,27,泥巴射擊,泥巴炸彈,熱水,5,6,1,10000,2073839
79.7,24,阿柏怪,毒,,-,-,-,-,-,-,-,-,1499,123.7,120.1,122,29,溶解液,狂舞揮打,緊束,5,6,3,50000,1813613
79.7,851,焚焰蚣,火,蟲,-,-,-,-,-,-,-,-,1500,128.7,99.4,136,18.5,火花,猛撲,熱風,5,5,5,75000,1739873
79.7,345,觸手百合,岩石,草,-,-,-,-,-,-,-,-,1460,100.8,138.6,151,50,溶解液,打草結,原始之力,7,6,3,50000,2111110
79.6,974,走鯨,冰,,-,-,-,-,-,-,-,-,1469,112.6,79.8,213,50,細雪,雪崩,泰山壓頂,6,5,3,50000,1914594
79.6,780,老翁龍,一般,龍,-,-,-,-,-,-,-,-,1499,136.8,104.2,115,19,龍息,高速星星,龍之波動,9,14,5,75000,1640140
79.6,426,隨風球,幽靈,飛行,-,-,-,-,-,-,-,-,1500,119.2,75.8,209,23.5,禍不單行,冰凍之風,暗影球,4,4,5,75000,1886853
79.6,466,電擊魔獸,電,,-,-,暗影,-,-,-,-,-,1498,143.4,100.9,108,18,電擊,冰凍拳,瘋狂伏特,5,5,5,75000,1562263
79.6,472,天蠍王,地面,飛行,-,-,暗影,-,-,-,-,-,1499,115.7,144.5,116,21,翅膀攻擊,暗襲要害,雜技,5,7,5,75000,1938911
79.6,157,火爆獸,火,,-,-,暗影,-,-,-,-,-,1498,132.8,108.9,117,19,燒盡,爆炸烈焰*,雷電拳,3,2,3,10000,1691315
79.6,217,圈圈熊,一般,,-,-,暗影,-,-,-,-,-,1500,139.6,91.4,126,18.5,暗影爪,高速星星,近身戰,5,6,3,50000,1607158
79.5,24,阿柏怪,毒,,-,-,暗影,-,-,-,-,-,1499,123.7,120.1,122,29,溶解液,狂舞揮打,緊束,5,6,3,50000,1813613
79.5,534,修建老匠,格鬥,,-,-,-,-,-,-,-,-,1500,134,93.9,133,16.5,發勁,爆裂拳,狂舞揮打*,5,4,5,75000,1673445
79.5,534,修建老匠,格鬥,,-,-,暗影,-,-,-,-,-,1500,134,93.9,133,16.5,發勁,爆裂拳,狂舞揮打*,5,4,5,75000,1673445
79.5,662,火箭雀,火,飛行,-,-,暗影,-,-,-,-,-,1495,123.3,102.6,143,47.5,啄,飛翔,熱風,6,6,1,10000,1810501
79.5,478,雪妖女,冰,幽靈,-,-,-,-,-,-,-,-,1499,122.6,114.9,130,27.5,細雪,雪崩,暗影球,6,7,3,50000,1831027
79.5,259,沼躍魚,水,地面,-,-,暗影,-,-,-,-,-,1500,120.4,111.4,139,33.5,泥巴射擊,衝浪,污泥攻擊,5,5,3,10000,1864979
79.5,30,尼多娜,毒,,-,-,-,-,-,-,-,-,1480,110.9,113.4,157,50,毒針,劇毒牙,十萬伏特,5,7,3,50000,1975496
79.5,497,君主蛇,草,,-,-,-,-,-,-,-,-,1500,110.2,142.3,130,25,藤鞭,瘋狂植物*,燕返,6,6,3,10000,2038328
79.5,435,坦克臭鼬,毒,惡,-,-,-,-,-,-,-,-,1493,121.7,95.2,158,23.5,毒擊,咬碎,起草,7,7,3,50000,1831135
79.5,320,吼吼鯨,水,,-,-,-,-,-,-,-,-,1499,116.6,68.3,242,48.5,滾動,熱水,泰山壓頂,4,4,1,10000,1926826
79.4,936,紅蓮鎧騎,火,超能力,-,-,-,-,-,-,-,-,1499,132.2,109.6,117,17,燒盡,精神衝擊,熱風,2,3,5,50000,1695222
79.4,662,火箭雀,火,飛行,-,-,-,-,-,-,-,-,1495,123.3,102.6,143,47.5,啄,飛翔,熱風,6,6,1,10000,1810501
79.4,214,赫拉克羅斯,蟲,格鬥,-,-,-,-,-,-,-,-,1500,134.7,108.4,114,17.5,連斬,快手還擊,岩石封鎖,10,13,3,50000,1664501
79.4,473,象牙豬,冰,地面,-,-,暗影,-,-,-,-,-,1500,136.2,87.4,138,16.5,細雪,冰錐,十萬馬力,5,7,3,50000,1642085
79.4,373,暴飛龍,龍,飛行,-,-,暗影,-,-,-,-,-,1497,143.5,93.1,117,14.5,龍尾,飛翔,狂舞揮打,4,3,5,75000,1562473
79.3,982,土龍節節,一般,,-,-,-,-,-,-,-,-,1500,116.1,98.6,169,20.5,咬住,直衝鑽,泰山壓頂,10,10,3,50000,1934787
79.3,81,小磁怪,電,鋼,-,-,暗影,-,-,-,-,-,1496,147.8,113.6,90,49,伏特替換,磁鐵炸彈,放電,3,3,3,50000,1511610
79.3,484,帕路奇亞,水,龍,-,-,暗影,-,-,-,-,-,1473,140.4,110,100,13.5,龍息,水流尾,流星群,9,17,20,100000,1543554
79.2,652,布里卡隆,草,格鬥,-,-,暗影,-,-,-,-,-,1497,119.4,126.9,124,19,踢倒,瘋狂植物*,蠻力,6,5,3,10000,1878859
79.2,259,沼躍魚,水,地面,-,-,-,-,-,-,-,-,1499,119.9,111.5,140,34.5,泥巴射擊,衝浪,污泥攻擊,5,5,3,10000,1871384
79.1,42,大嘴蝠,毒,飛行,-,-,-,-,-,-,-,-,1499,117.7,116.2,139,28.5,翅膀攻擊,劇毒牙,暗影球,5,7,1,10000,1901391
79.1,449,沙河馬,地面,,-,-,-,-,-,-,-,-,1500,115.1,111.8,152,50,潑沙,岩石封鎖,挖洞,13,13,3,50000,1955620
79,344,念力土偶,地面,超能力,-,-,暗影,-,-,-,-,-,1500,103.6,172.7,121,29,擲泥,岩石封鎖,暗影球,5,5,3,50000,2164207
79,839,巨炭山,岩石,火,-,-,-,-,-,-,-,-,1500,98.2,139.4,167,24,火焰旋渦,岩崩,蓄能焰襲,5,5,3,10000,2285184
79,340,鯰魚王,水,地面,-,-,暗影,-,-,-,-,-,1495,107.6,108.3,178,27,泥巴射擊,泥巴炸彈,熱水,5,6,1,10000,2073839
78.9,531,差不多娃娃,一般,,-,-,-,-,-,-,-,-,1500,92.7,137.9,190,38,充電光束,泰山壓頂*,魅惑之聲,4,5,3,50000,2428140
78.9,756,燈罩夜菇,草,妖精,-,-,-,-,-,-,-,-,1499,116.6,134.3,123,31,驚嚇,月亮之力,種子炸彈,5,4,3,50000,1925196
78.8,381,拉帝歐斯,龍,超能力,-,-,-,-,-,-,-,-,1497,139.4,112.9,102,14.5,龍息,波導彈,潔淨光芒*,10,15,20,100000,1605573
78.8,82,三合一磁怪,電,鋼,-,-,暗影,-,-,-,-,-,1499,143.5,114.7,95,22,電擊,放電,磁鐵炸彈,5,5,3,50000,1562951
78.8,624,駒刀小兵,惡,鋼,-,-,-,-,-,-,-,-,1497,132,107.8,119,49,連斬,暗襲要害,鐵頭,9,13,5,75000,1692305
78.8,80,呆殼獸,水,超能力,-,-,-,-,-,-,-,-,1500,113.4,120.9,144,22,念力,吸取拳,冰凍光束,3,4,3,50000,1974848
78.8,327,晃晃斑,一般,,-,-,-,-,-,-,-,-,1380,110.1,110.1,142,50,突襲,岩石封鎖,冰凍之風,8,7,3,50000,1720678
78.8,217,圈圈熊,一般,,-,-,-,-,-,-,-,-,1500,139.6,91.4,126,18.5,暗影爪,高速星星,近身戰,5,6,3,50000,1607158
78.8,202,果然翁,超能力,,-,-,暗影,-,-,-,-,-,1160,63,101.7,333,50,雙倍奉還,鏡面反射,遷怒<sup>†</sup>,8,12,3,50000,2133829
78.7,623,泥偶巨人,地面,幽靈,-,-,暗影,-,-,-,-,-,1500,133.3,98.5,128,19.5,擲泥,暗影拳,爆裂拳,4,5,5,75000,1681024
78.7,115,袋獸,一般,,-,-,-,-,-,-,-,-,1495,114.6,110.9,153,21.5,踢倒,劈瓦*,咬碎,5,6,3,50000,1943857
78.7,57,火爆猴,格鬥,,-,-,-,-,-,-,-,-,1498,138.7,100.1,116,24,空手劈*,憤怒之拳*,冰凍拳,5,5,3,50000,1611459
78.7,738,鍬農炮蟲,蟲,電,-,-,暗影,-,-,-,-,-,1494,144.2,96.7,111,17.5,伏特替換*,十字剪,放電,3,3,1,10000,1547210
78.6,698,冰雪龍,岩石,冰,-,-,-,-,-,-,-,-,1500,114.3,104.2,165,50,細雪,氣象球 冰,十萬伏特,5,7,5,75000,1964777
78.6,381,拉帝歐斯,龍,超能力,-,-,暗影,-,-,-,-,-,1488,140.5,113,99,14,龍息,波導彈,潔淨光芒*,10,15,20,100000,1570884
78.5,106,飛腿郎,格鬥,,-,-,暗影,-,-,-,-,-,1500,141.8,118.9,94,21.5,踢倒,火焰踢,劈瓦*,5,5,5,75000,1585670
78.5,314,甜甜螢,蟲,,-,-,-,-,-,-,-,-,1500,111.4,136.2,133,33.5,死纏爛打,銀色旋風,暗影球,4,5,3,50000,2018689
78.5,462,自爆磁怪,電,鋼,-,-,-,-,-,-,-,-,1497,134.4,121.2,102,17,伏特替換,瘋狂伏特,鏡光射擊,3,3,3,50000,1661074
78.4,710,南瓜精,幽靈,草,-,-,-,-,-,-,特大尺寸,-,1414,111.8,113.4,141,50,驚嚇,欺詐,打草結,4,5,5,75000,1787612
78.4,931,怒鸚哥,一般,飛行,-,-,-,-,-,-,-,-,1492,133.6,84.8,147,28,啄,勇鳥猛攻,飛翔,7,6,3,75000,1665931
78.3,529,螺釘地鼠,地面,,-,-,暗影,-,-,-,-,-,1500,139.5,81.5,142,50,抓,直衝鑽,岩石封鎖,10,13,3,50000,1614496
78.3,101,頑皮雷彈,電,,-,-,暗影,-,-,-,-,-,1500,122.9,126.3,118,27,伏特替換,放電,欺詐,3,3,3,50000,1831578
78.3,83,大蔥鴨,格鬥,,伽勒爾,-,-,-,-,-,-,-,1499,137.6,99.7,119,37,連斬,葉刃,劈瓦,9,10,3,50000,1633523
78.3,42,大嘴蝠,毒,飛行,-,-,暗影,-,-,-,-,-,1499,117.7,116.2,139,28.5,翅膀攻擊,劇毒牙,暗影球,5,7,1,10000,1901391
78.3,199,呆呆王,毒,超能力,伽勒爾,-,-,-,-,-,-,-,1499,117.3,117.9,138,20.5,溶解液,精神衝擊,暗影球,5,7,3,50000,1909734
78.3,157,火爆獸,火,,-,-,-,-,-,-,-,-,1498,132.8,108.9,117,19,燒盡,爆炸烈焰*,雷電拳,3,2,3,10000,1691315
78.3,494,比克提尼,超能力,火,-,-,-,-,-,-,-,-,1498,120.5,119.4,129,16.5,念力,Ｖ熱焰,精神衝擊,3,3,20,100000,1855163
78.3,321,吼鯨王,水,,-,-,-,-,-,-,-,-,1497,118.4,67.4,237,24.5,滾動,衝浪,報恩<sup>†</sup>,4,6,1,10000,1891875
78.2,169,叉字蝠,毒,飛行,-,-,-,-,-,-,-,-,1500,121.2,118.1,129,21,起風,空氣利刃,劇毒牙,3,3,1,10000,1847304
78.2,724,狙射樹梟,草,格鬥,洗翠,-,-,-,-,-,-,-,1499,126.9,109.5,127,19,精神利刃,能量球,波導彈,5,5,3,10000,1764738
78.2,101,頑皮雷彈,電,,-,-,-,-,-,-,-,-,1500,122.9,126.3,118,27,伏特替換,放電,欺詐,3,3,3,50000,1831578
78.2,596,電蜘蛛,蟲,電,-,-,-,-,-,-,-,-,1500,138.3,96.5,122,25.5,伏特替換,放電,猛撲,3,3,3,50000,1627493
78.2,30,尼多娜,毒,,-,-,暗影,-,-,-,-,-,1480,110.9,113.4,157,50,毒針,劇毒牙,挖洞,5,6,3,50000,1975496
78.2,642,雷電雲,電,飛行,-,化身,暗影,-,-,-,-,-,1500,148.1,95.5,107,16.5,電擊,雷電拳,劈瓦,5,5,20,100000,1513826
78.1,142,化石翼龍,岩石,飛行,-,-,暗影,-,-,-,-,-,1497,134.4,103.4,120,20,龍息,岩崩,狂舞揮打,12,9,5,75000,1667018
78.1,476,大朝北鼻,岩石,鋼,-,-,-,-,-,-,-,-,1492,96,203.2,119,27.5,落石,岩崩,磁鐵炸彈,9,8,3,50000,2320251
78.1,756,燈罩夜菇,草,妖精,-,-,暗影,-,-,-,-,-,1499,116.6,134.3,123,31,驚嚇,月亮之力,種子炸彈,5,4,3,50000,1925196
78.1,357,熱帶龍,草,飛行,-,-,-,-,-,-,-,-,1498,101.4,128.1,170,29,空氣斬,葉刃,狂舞揮打,4,4,5,75000,2208146
78,689,龜足巨鎧,岩石,水,-,-,-,-,-,-,-,-,1499,121,133.1,115,20.5,連斬,十字劈,尖石攻擊,9,14,3,50000,1851007
78,466,電擊魔獸,電,,-,-,-,-,-,-,-,-,1498,143.4,100.9,108,18,電擊,冰凍拳,瘋狂伏特,5,5,5,75000,1562263
78,676,多麗米亞,一般,,-,-,-,-,-,-,-,-,1496,115.5,125.2,134,26.5,猛撞,惡之波動,打草結,5,6,5,75000,1937601
78,297,鐵掌力士,格鬥,,-,-,暗影,-,-,-,-,-,1496,125.6,76.1,186,19.5,發勁,快手還擊,重磅衝撞,4,5,3,50000,1778366
78,788,卡璞・鰭鰭,水,妖精,-,-,-,-,-,-,-,-,1495,115.9,158.3,105,20,水槍,衝浪,自然之怒*,15,17,20,100000,1926493
78,3,妙蛙花,草,毒,-,-,暗影,-,-,-,-,-,1500,122.2,122.2,123,20.5,藤鞭,瘋狂植物*,污泥攻擊,6,5,3,10000,1835969
77.9,781,破破舵輪,幽靈,草,-,-,-,-,-,-,-,-,1498,139.8,109.3,105,20,暗影爪,強力鞭打,狂舞揮打,7,5,5,50000,1604674
77.9,798,紙御劍,草,鋼,-,-,-,-,-,-,-,-,1500,169.2,99.3,79,15,連斬,葉刃,聖劍,9,9,20,100000,1327757
77.8,83,大蔥鴨,一般,飛行,-,-,-,-,-,-,-,-,1397,116.8,109.2,131,50,連斬,葉刃,燕返,9,12,3,50000,1671469
77.8,203,麒麟奇,一般,超能力,-,-,暗影,-,-,-,-,-,1499,130.3,101.6,130,27.5,念力,精神之牙,起草,3,4,3,50000,1720655
77.8,448,路卡利歐,格鬥,鋼,-,-,-,-,-,-,-,-,1500,145.8,93.7,113,20.5,發勁*,波導彈,暗影球,4,5,5,75000,1544133
77.8,473,象牙豬,冰,地面,-,-,-,-,-,-,-,-,1500,136.2,87.4,138,16.5,細雪,冰錐,十萬馬力,5,7,3,50000,1642085
77.8,496,青藤蛇,草,,-,-,暗影,-,-,-,-,-,1494,105.9,140.3,142,50,藤鞭,打草結,緊束,7,6,3,10000,2109814
77.8,911,骨紋巨聲鱷,火,幽靈,-,-,-,-,-,-,-,-,1500,121.2,109.7,139,18.5,燒盡,閃焰高歌,暗影球,3,3,3,10000,1849333
77.7,330,沙漠蜻蜓,地面,龍,-,-,-,-,-,-,-,-,1500,127.9,109.6,125,21,龍尾,流沙地獄,龍捲風,4,4,5,75000,1752409
77.7,27,穿山鼠,冰,鋼,阿羅拉,-,暗影,-,-,-,-,-,1462,117.6,121,127,50,細雪,暗襲要害,陀螺球,5,7,3,50000,1807853
77.6,462,自爆磁怪,電,鋼,-,-,暗影,-,-,-,-,-,1497,134.4,121.2,102,17,伏特替換,瘋狂伏特,鏡光射擊,3,3,3,50000,1661074
77.6,933,鹽石壘,岩石,,-,-,-,-,-,-,-,-,1461,100.8,147.1,142,50,泥巴射擊,岩石封鎖,岩石爆擊,6,5,5,50000,2105603
77.6,34,尼多王,毒,地面,-,-,-,-,-,-,-,-,1500,129.5,105.3,127,21.5,毒針,雪崩,大地之力,5,6,3,50000,1731199
77.5,655,妖火紅狐,火,超能力,-,-,-,-,-,-,-,-,1499,132.6,115.6,110,18,抓,精神衝擊,爆炸烈焰*,10,13,3,10000,1686664
77.5,598,堅果啞鈴,草,鋼,-,-,-,-,-,-,-,-,1499,107.1,152.7,128,24.5,種子機關槍,強力鞭打,打雷,4,5,3,75000,2094247
77.5,82,三合一磁怪,電,鋼,-,-,-,-,-,-,-,-,1499,143.5,114.7,95,22,伏特替換,磁鐵炸彈,放電,3,3,3,50000,1562951
77.5,429,夢妖魔,幽靈,,-,-,-,-,-,-,-,-,1493,131.6,123.7,104,21,精神波,暗影球,魔法火焰,13,12,3,50000,1692580
77.5,80,呆殼獸,水,超能力,-,-,暗影,-,-,-,-,-,1500,113.4,120.9,144,22,念力,吸取拳,冰凍光束,3,4,3,50000,1974848
77.4,203,麒麟奇,一般,超能力,-,-,-,-,-,-,-,-,1499,130.3,101.6,130,27.5,念力,精神之牙,起草,3,4,3,50000,1720655
77.4,362,冰鬼護,冰,,-,-,-,-,-,-,-,-,1499,115.2,120.8,140,27,滾動,雪崩,暗影球,4,4,3,50000,1948427
77.4,106,飛腿郎,格鬥,,-,-,-,-,-,-,-,-,1500,141.8,118.9,94,21.5,踢倒,火焰踢,劈瓦*,5,5,5,75000,1585670
77.4,718,基格爾德,龍,地面,-,-,-,-,50%,-,-,-,1494,114.1,128.3,133,15.5,龍尾,咬碎,重踏,4,5,20,100000,1947950
77.3,806,砰頭小丑,火,幽靈,-,-,-,-,-,-,-,-,1497,173.6,88.4,84,16.5,燒盡,驚爆大頭*,暗影球,2,3,20,100000,1290131
77.3,169,叉字蝠,毒,飛行,-,-,暗影,-,-,-,-,-,1500,121.2,118.1,129,21,起風,空氣利刃,劇毒牙,3,3,1,10000,1847304
77.3,254,蜥蜴王,草,,-,-,暗影,-,-,-,-,-,1498,135.6,109.3,111,20,連斬,葉刃,廣域破壞,9,13,3,10000,1645623
77.2,934,鹽石巨靈,岩石,,-,-,-,-,-,-,-,-,1494,105.8,137.3,145,20.5,泥巴射擊,岩石封鎖,岩石爆擊,6,5,5,50000,2107121
77.2,94,耿鬼,幽靈,毒,-,-,暗影,-,-,-,-,-,1495,154.3,95.5,98,19,暗影爪,暗影拳*,惡之波動*,5,6,3,50000,1444036
77.2,623,泥偶巨人,地面,幽靈,-,-,-,-,-,-,-,-,1500,133.3,98.5,128,19.5,擲泥,暗影拳,爆裂拳,4,5,5,75000,1681024
77.2,297,鐵掌力士,格鬥,,-,-,-,-,-,-,-,-,1496,125.6,76.1,186,19.5,發勁,快手還擊,重磅衝撞,4,5,3,50000,1778366
77.2,454,毒骷蛙,毒,格鬥,-,-,-,-,-,-,-,-,1499,136.2,93.8,129,22.5,毒針,爆裂拳,暗影球,5,6,3,50000,1648115
77.1,727,熾焰咆哮虎,火,惡,-,-,-,-,-,-,-,-,1497,125.3,109.2,131,18.5,火焰牙,狂舞揮打,爆炸烈焰*,6,9,3,10000,1791290
77.1,908,魔幻假面喵,草,惡,-,-,-,-,-,-,-,-,1498,140.4,99.1,115,19.5,樹葉,暗襲要害,瘋狂植物*,5,6,3,10000,1600011
77.1,758,焰后蜥,毒,火,-,-,-,-,-,-,-,-,1499,147,91.2,114,22.5,燒盡,劇毒牙,龍之波動,2,3,3,50000,1529161
77,608,燈火幽靈,幽靈,火,-,-,暗影,-,-,-,-,-,1500,132.5,99,129,35,火花,熱風,能量球,5,5,5,75000,1692369
77,345,觸手百合,岩石,草,-,-,暗影,-,-,-,-,-,1460,100.8,138.6,151,50,溶解液,打草結,原始之力,7,6,3,50000,2111110
77,34,尼多王,毒,地面,-,-,暗影,-,-,-,-,-,1500,129.5,105.3,127,21.5,毒針,雪崩,大地之力,5,6,3,50000,1731199
76.9,411,護城龍,岩石,鋼,-,-,暗影,-,-,-,-,-,1496,80.6,247.7,139,46.5,擊落,尖石攻擊,噴射火焰,7,7,5,75000,2775875
76.9,927,麻花犬,妖精,,-,-,-,-,-,-,-,-,1500,113.5,156.1,112,26.5,撒嬌,精神之牙,嬉鬧,5,8,3,50000,1983841
76.9,478,雪妖女,冰,幽靈,-,-,暗影,-,-,-,-,-,1499,122.6,114.9,130,27.5,細雪,雪崩,暗影球,6,7,3,50000,1831027
76.8,67,豪力,格鬥,,-,-,-,-,-,-,-,-,1499,126.8,97.4,143,27.5,空手劈,十字劈*,報恩<sup>†</sup>,4,8,3,50000,1765627
76.8,738,鍬農炮蟲,蟲,電,-,-,-,-,-,-,-,-,1494,144.2,96.7,111,17.5,伏特替換*,十字剪,飛翔,3,3,1,10000,1547210
76.8,320,吼吼鯨,水,,-,-,暗影,-,-,-,-,-,1499,116.6,68.3,242,48.5,滾動,熱水,泰山壓頂,4,4,1,10000,1926826
76.7,592,輕飄飄,水,幽靈,-,-,-,-,-,-,-,-,1421,109.2,125.2,135,50,禍不單行,黑夜魔影,冰凍光束,4,5,3,50000,1846427
76.7,66,腕力,格鬥,,-,-,暗影,-,-,-,-,-,1445,127.7,81.5,157,50,空手劈,十字劈,劈瓦,4,5,3,50000,1634495
76.7,913,湧躍鴨,水,,-,-,-,-,-,-,-,-,1500,125.4,103.5,138,34,翅膀攻擊,水流噴射,燕返,5,6,3,10000,1792214
76.7,27,穿山鼠,冰,鋼,阿羅拉,-,-,-,-,-,-,-,1462,117.6,121,127,50,細雪,暗襲要害,陀螺球,5,7,3,50000,1807853
76.7,28,穿山王,地面,,-,-,-,-,-,-,-,-,1497,120.5,123,125,23.5,潑沙,暗襲要害*,岩石封鎖,9,13,3,50000,1852528
76.7,435,坦克臭鼬,毒,惡,-,-,暗影,-,-,-,-,-,1493,121.7,95.2,158,23.5,毒擊,咬碎,起草,7,7,3,50000,1831135
76.7,178,天然鳥,超能力,飛行,-,-,暗影,-,-,-,-,-,1500,132.2,107.9,119,25.5,啄,精神衝擊,燕返,5,6,3,50000,1698214
76.6,81,小磁怪,電,鋼,-,-,-,-,-,-,-,-,1496,147.8,113.6,90,49,伏特替換,磁鐵炸彈,放電,3,3,3,50000,1511610
76.6,710,南瓜精,幽靈,草,-,-,-,-,-,-,大尺寸,-,1406,113.4,115.1,133,50,驚嚇,欺詐,打草結,4,5,5,75000,1736900
76.6,777,托戈德瑪爾,電,鋼,-,-,-,-,-,-,-,-,1500,132.2,107.3,120,25.5,電擊,致命針刺,瘋狂伏特,4,5,3,50000,1701782
76.6,454,毒骷蛙,毒,格鬥,-,-,暗影,-,-,-,-,-,1499,136.2,93.8,129,22.5,毒針,爆裂拳,暗影球,5,6,3,50000,1648115
76.6,145,閃電鳥,格鬥,飛行,伽勒爾,-,-,-,-,-,-,-,1498,135.7,107.3,113,15.5,踢倒,飛翔,近身戰,6,6,20,100000,1645148
76.5,779,磨牙彩皮魚,水,超能力,-,-,-,-,-,-,-,-,1495,136.5,102.5,117,23,念力,水流尾,精神之牙,3,3,3,50000,1636557
76.5,323,噴火駝,火,地面,-,-,-,-,-,-,-,-,1499,133.6,100.5,125,25.5,燒盡,大地之力,岩石封鎖,3,3,3,50000,1678150
76.5,330,沙漠蜻蜓,地面,龍,-,-,暗影,-,-,-,-,-,1500,127.9,109.6,125,21,龍尾,流沙地獄,龍捲風,4,4,5,75000,1752409
76.5,863,喵頭目,鋼,,-,-,-,-,-,-,-,-,1500,128.8,113.4,119,23,暗影爪,近身戰,起草,6,6,3,50000,1737649
76.5,373,暴飛龍,龍,飛行,-,-,-,-,-,-,-,-,1497,143.5,93.1,117,14.5,龍尾,飛翔,狂舞揮打,4,3,5,75000,1562473
76.4,89,臭臭泥,毒,,-,-,-,-,-,-,-,-,1491,115.9,111.7,148,20,毒擊,雷電拳,惡之波動,6,7,3,50000,1916176
76.4,571,索羅亞克,一般,幽靈,洗翠,-,-,-,-,-,-,-,1499,163.4,87.5,96,21,暗影爪,高速星星,暗影球,5,7,5,75000,1373550
76.3,141,鐮刀盔,岩石,水,-,-,暗影,-,-,-,-,-,1498,135.5,119.8,102,20.5,連斬*,水流噴射,尖石攻擊,10,14,5,75000,1654897
76.3,66,腕力,格鬥,,-,-,-,-,-,-,-,-,1445,127.7,81.5,157,50,空手劈,十字劈,劈瓦,4,5,3,50000,1634495
76.2,529,螺釘地鼠,地面,,-,-,-,-,-,-,-,-,1500,139.5,81.5,142,50,抓,直衝鑽,岩石封鎖,10,13,3,50000,1614496
76.2,88,臭泥,毒,,-,-,-,-,-,-,-,-,1491,121,88.2,172,50,毒擊,污泥攻擊,泥巴炸彈,6,7,3,50000,1836323
76.2,369,古空棘魚,水,岩石,-,-,-,-,-,-,-,-,1499,105.2,133.7,152,22.5,水槍,水流尾,原始之力,12,15,5,75000,2137627
76.2,539,打擊鬼,格鬥,,-,-,暗影,-,-,-,-,-,1499,140.4,97.4,117,20,踢倒,劈瓦,泰山壓頂,5,5,5,75000,1599454
76.1,530,龍頭地鼠,地面,鋼,-,-,暗影,-,-,-,-,-,1500,142.7,78.8,140,17,泥巴射擊,直衝鑽,岩崩,5,5,3,50000,1573041
76.1,449,沙河馬,地面,,-,-,暗影,-,-,-,-,-,1500,115.1,111.8,152,50,潑沙,岩石封鎖,挖洞,13,13,3,50000,1955620
76.1,249,洛奇亞,超能力,飛行,-,-,暗影,-,-,-,-,-,1492,104.3,164.3,124,14.5,龍尾,飛翔,大地之力,4,5,20,100000,2124734
76.1,674,頑皮熊貓,格鬥,,-,-,-,-,-,-,-,-,1500,123.3,99.3,149,47.5,踢倒,咬碎,泰山壓頂,6,5,3,50000,1825612
76.1,651,胖胖哈力,草,,-,-,-,-,-,-,-,-,1497,115,130.2,130,35,踢倒,能量球,泰山壓頂,6,5,3,10000,1946835
76.1,407,羅絲雷朵,草,毒,-,-,-,-,-,-,-,-,1499,141.9,114.3,97,18.5,毒針,氣象球 火*,飛葉風暴,4,7,3,50000,1574006
76.1,254,蜥蜴王,草,,-,-,-,-,-,-,-,-,1498,135.6,109.3,111,20,連斬,葉刃,廣域破壞,9,13,3,10000,1645623
76.1,865,蔥遊兵,格鬥,,-,-,-,-,-,-,-,-,1500,144.8,108,99,18.5,連斬,葉刃,近身戰,9,12,3,50000,1548382
76,142,化石翼龍,岩石,飛行,-,-,-,-,-,-,-,-,1497,134.4,103.4,120,20,龍息,岩崩,狂舞揮打,12,9,5,75000,1667018
76,598,堅果啞鈴,草,鋼,-,-,暗影,-,-,-,-,-,1499,107.1,152.7,128,24.5,種子機關槍,強力鞭打,打雷,4,5,3,75000,2094247
76,430,烏鴉頭頭,惡,飛行,-,-,-,-,-,-,-,-,1500,150,68.9,145,20.5,啄,勇鳥猛攻,惡之波動,7,6,3,50000,1499623
76,164,貓頭夜鷹,一般,飛行,-,-,暗影,-,-,-,-,-,1500,105.3,120.2,168,28,翅膀攻擊,神鳥猛擊,暗影球,7,7,1,10000,2126381
75.9,596,電蜘蛛,蟲,電,-,-,暗影,-,-,-,-,-,1500,138.3,96.5,122,25.5,伏特替換,放電,猛撲,3,3,3,50000,1627493
75.9,445,烈咬陸鯊,龍,地面,-,-,-,-,-,-,-,-,1500,132.5,101.5,126,14,龍尾,龍捲風,流沙地獄,4,4,5,75000,1693583
75.8,847,戽斗尖梭,水,,-,-,-,-,-,-,-,-,1499,159.7,85.3,103,20.5,啄,水流噴射,近身戰,5,6,3,50000,1402548
75.8,621,赤面龍,龍,,-,-,-,-,-,-,-,-,1499,131.2,111.3,117,20.5,龍尾,暗襲要害,岩石封鎖,3,5,5,75000,1708917
75.8,542,保母蟲,蟲,草,-,-,-,-,-,-,-,-,1497,129.5,110.3,121,21.5,暗影爪*,葉刃,十字剪,5,5,1,10000,1727030
75.7,655,妖火紅狐,火,超能力,-,-,暗影,-,-,-,-,-,1499,132.6,115.6,110,18,抓,精神衝擊,爆炸烈焰*,10,13,3,10000,1686664
75.7,476,大朝北鼻,岩石,鋼,-,-,暗影,-,-,-,-,-,1498,97.4,199,119,27.5,落石,岩崩,磁鐵炸彈,9,8,3,50000,2305417
75.7,642,雷電雲,電,飛行,-,化身,-,-,-,-,-,-,1500,148.1,95.5,107,16.5,電擊,雷電拳,劈瓦,5,5,20,100000,1513826
75.6,144,急凍鳥,冰,飛行,-,-,暗影,-,-,-,-,-,1496,115.1,136.9,123,17.5,細雪,三旋擊,暴風*,6,8,20,100000,1938647
75.6,78,烈焰馬,超能力,妖精,伽勒爾,-,-,-,-,-,-,-,1499,133.7,111.5,112,22.5,妖精之風,泰山壓頂,瘋狂伏特*,5,5,3,50000,1669979
75.6,389,土台龜,草,地面,-,-,-,-,-,-,-,-,1498,119.9,117,133,19,擲泥,瘋狂植物*,流沙地獄,5,5,3,10000,1867141
75.5,15,大針蜂,蟲,毒,-,-,暗影,-,-,-,-,-,1500,127.1,106.5,130,30.5,毒針,十字剪,直衝鑽*,5,5,1,10000,1760459
75.5,608,燈火幽靈,幽靈,火,-,-,-,-,-,-,-,-,1500,132.5,99,129,35,火花,熱風,能量球,5,5,5,75000,1692369
75.5,636,燃燒蟲,蟲,火,-,-,-,-,-,-,-,-,1499,130.8,99.8,131,45.5,火花,火焰輪,蟲鳴,5,7,5,75000,1710210
75.5,766,投擲猴,格鬥,,-,-,-,-,-,-,-,-,1494,128.7,99.2,136,18,雙倍奉還,狂舞揮打,蠻力,6,7,3,75000,1735373
75.5,651,胖胖哈力,草,,-,-,暗影,-,-,-,-,-,1497,115,130.2,130,35,踢倒,能量球,泰山壓頂,6,5,3,10000,1946835
75.4,1011,裹蜜蟲,草,龍,-,-,-,-,-,-,-,-,1499,114.6,128.9,132,23.5,龍尾,種子炸彈,逆鱗,4,5,5,75000,1949793
75.4,154,大竺葵,草,,-,-,暗影,-,-,-,-,-,1497,110.8,139,131,23,藤鞭,瘋狂植物*,地震,6,9,3,10000,2018472
75.4,20,拉達,惡,一般,阿羅拉,-,暗影,-,-,-,-,-,1497,107.1,130.2,150,36.5,咬住,咬碎,必殺門牙,12,13,1,10000,2090786
75.4,384,烈空坐,龍,飛行,-,-,-,-,-,-,-,-,1500,147.5,89.5,115,14.5,龍尾,廣域破壞*,畫龍點睛*,5,4,20,100000,1518920
75.4,545,蜈蚣王,蟲,毒,-,-,-,-,-,-,-,-,1496,131.8,120.4,107,22.5,毒針,水流尾,超級角擊,4,7,1,10000,1697847
75.3,134,水伊布,水,,-,-,-,-,-,-,-,-,1500,118.5,96.9,165,18,水槍,水流尾,珍藏*,12,19,5,75000,1894159
75.2,306,波士可多拉,鋼,岩石,-,-,-,-,-,-,-,-,1500,116.6,155.7,106,18.5,金屬音,流星光束,劈瓦,8,5,1,10000,1925111
75.2,713,冰岩怪,冰,岩石,洗翠,-,-,-,-,-,-,-,1498,116.5,135.2,122,16,細雪,岩崩,冰凍之風,6,6,3,50000,1921301
75.2,724,狙射樹梟,草,幽靈,-,-,-,-,-,-,-,-,1500,127.8,115.3,119,20,樹葉,瘋狂植物*,縫影,6,5,3,10000,1754076
75.2,530,龍頭地鼠,地面,鋼,-,-,-,-,-,-,-,-,1500,142.7,78.8,140,17,泥巴射擊,直衝鑽,岩崩,5,5,3,50000,1573041
75.2,445,烈咬陸鯊,龍,地面,-,-,暗影,-,-,-,-,-,1500,132.5,101.5,126,14,龍尾,龍捲風,流沙地獄,4,4,5,75000,1693583
75.2,88,臭泥,毒,惡,阿羅拉,-,-,-,-,-,-,-,1497,122.8,86.9,171,49,毒擊,咬碎,污泥炸彈,7,8,3,50000,1824029
75.2,89,臭臭泥,毒,,-,-,暗影,-,-,-,-,-,1491,115.9,111.7,148,20,毒擊,惡之波動,雷電拳,7,6,3,50000,1916176
75.2,528,心蝙蝠,超能力,飛行,-,-,-,-,-,-,-,-,1500,126.7,101.7,138,34.5,念力,飛翔,精神之牙,4,3,1,10000,1777300
75.1,998,戟脊龍,龍,冰,-,-,-,-,-,-,-,-,1500,135.7,95.7,127,15.5,龍息,巨劍突擊*,雪崩,10,12,5,75000,1649572
75.1,444,尖牙陸鯊,龍,地面,-,-,-,-,-,-,-,-,1499,128.8,102.4,132,30,泥巴射擊,龍捲風,挖洞,5,6,5,75000,1741329
75.1,487,騎拉帝納,幽靈,龍,-,起源,-,-,-,-,-,-,1500,120,101.4,154,15,龍尾,奇異之風,暗影球,4,5,20,100000,1874595
75.1,141,鐮刀盔,岩石,水,-,-,-,-,-,-,-,-,1498,135.5,119.8,102,20.5,連斬*,水流噴射,尖石攻擊,10,14,5,75000,1654897
75,713,冰岩怪,冰,,-,-,-,-,-,-,-,-,1500,111.8,141.4,127,17.5,冰凍牙,雪崩,泰山壓頂,8,7,3,50000,2006849
75,760,穿著熊,一般,格鬥,-,-,暗影,-,-,-,-,-,1497,129.6,87.2,153,17.5,踢倒,蠻力,踩踏,5,5,1,10000,1729276
75,643,萊希拉姆,龍,火,-,-,暗影,-,-,-,-,-,1498,138.4,109,107,13.5,龍息,交錯火焰*,流星群,12,17,20,100000,1613964
75,248,班基拉斯,岩石,惡,-,-,-,-,-,-,-,-,1500,129.7,111.4,120,14.5,龍息,狂舞揮打,尖石攻擊,9,14,5,75000,1734171
75,629,禿鷹丫頭,惡,飛行,-,-,-,-,-,-,-,-,1437,100.8,129.4,157,50,空氣斬,勇鳥猛攻,欺詐,7,5,5,75000,2048662
75,413,結草貴婦,蟲,草,-,-,-,-,草木,-,-,-,1499,110,144.9,128,34.5,突襲,能量球,蟲鳴,7,9,1,10000,2040195
75,178,天然鳥,超能力,飛行,-,-,-,-,-,-,-,-,1500,132.2,107.9,119,25.5,啄,精神衝擊,燕返,5,6,3,50000,1698214
75,523,雷電斑馬,電,,-,-,暗影,-,-,-,-,-,1500,137.7,95.5,124,23,踢倒,瘋狂伏特,放電,6,5,3,50000,1630392
74.9,536,藍蟾蜍,水,地面,-,-,-,-,-,-,-,-,1500,116.2,103,161,48,泥巴射擊,大地之力,水之波動,6,6,3,50000,1926840
74.9,80,呆殼獸,毒,超能力,伽勒爾,-,-,-,-,-,-,-,1500,119.1,108.4,146,22.5,念力,吸取拳,污泥炸彈,3,4,3,50000,1884537
74.9,248,班基拉斯,岩石,惡,-,-,暗影,-,-,-,-,-,1500,129.7,111.4,120,14.5,龍息,狂舞揮打,尖石攻擊,9,14,5,75000,1734171
74.8,764,花療環環,妖精,,-,-,-,-,-,-,-,-,1500,116.2,157.5,105,26.5,藤鞭,吸取之吻,打草結,7,7,3,50000,1921722
74.8,342,鐵螯龍蝦,水,惡,-,-,暗影,-,-,-,-,-,1498,144.7,98.4,109,22,攀瀑,暗襲要害,熱水,4,5,3,50000,1551934
74.8,589,騎士蝸牛,蟲,鋼,-,-,-,-,-,-,-,-,1495,132.2,117.6,108,19,蟲咬,直衝鑽,貝殼刃*,14,12,3,50000,1679048
74.8,249,洛奇亞,超能力,飛行,-,-,-,-,-,-,-,-,1497,102.4,167.1,127,15,龍尾,大地之力,氣旋攻擊*,5,7,20,100000,2174273
74.8,126,鴨嘴火獸,火,,-,-,暗影,-,-,-,-,-,1497,135.2,107.6,114,23,空手劈,火焰拳,熱沙大地,5,6,5,75000,1658602
74.7,841,蘋裹龍,草,龍,-,-,-,-,-,-,-,-,1500,138.1,100.1,117,22.5,龍息,種子炸彈,龍之波動,10,14,5,75000,1618070
74.7,76,隆隆岩,岩石,電,阿羅拉,-,暗影,-,-,-,-,-,1497,125.2,122.3,117,19,伏特替換,瘋狂伏特,岩石爆擊,3,3,1,10000,1791042
74.7,710,南瓜精,幽靈,草,-,-,-,-,-,-,普通尺寸,-,1381,114.3,116,126,50,驚嚇,欺詐,打草結,4,5,5,75000,1669772
74.6,654,長尾火狐,火,,-,-,暗影,-,-,-,-,-,1499,130.6,107,123,31,火花,精神衝擊,蓄能焰襲,5,6,3,10000,1718256
74.6,941,大電海燕,電,飛行,-,-,-,-,-,-,-,-,1499,143.2,92.5,118,22.5,電擊,雜技,燕返,7,5,1,10000,1563295
74.6,464,超甲狂犀,地面,岩石,-,-,暗影,-,-,-,-,-,1500,126.8,104.5,134,15,擲泥,直衝鑽,岩石炮*,4,5,3,50000,1775272
74.5,323,噴火駝,火,地面,-,-,暗影,-,-,-,-,-,1499,133.6,100.5,125,25.5,燒盡,大地之力,岩石封鎖,3,3,3,50000,1678150
74.5,237,戰舞郎,格鬥,,-,-,-,-,-,-,-,-,1500,121.2,149.9,102,26,雙倍奉還,近身戰,三旋擊,8,8,5,75000,1853307
74.5,429,夢妖魔,幽靈,,-,-,暗影,-,-,-,-,-,1493,131.6,123.7,104,21,精神波,暗影球,魔法火焰,13,12,3,50000,1692580
74.5,128,肯泰羅,格鬥,水,-,-,-,-,水瀾,-,-,-,1500,127.8,120.7,114,20,二連踢,水流噴射,起草,4,4,3,50000,1758735
74.4,444,尖牙陸鯊,龍,地面,-,-,暗影,-,-,-,-,-,1499,128.8,102.4,132,30,泥巴射擊,龍捲風,挖洞,5,6,5,75000,1741329
74.4,413,結草貴婦,蟲,地面,-,-,-,-,砂土,-,-,-,1499,110,144.9,128,34.5,突襲,重踏,蟲鳴,8,9,1,10000,2040195
74.3,430,烏鴉頭頭,惡,飛行,-,-,暗影,-,-,-,-,-,1500,150,68.9,145,20.5,啄,勇鳥猛攻,惡之波動,7,6,3,50000,1499623
74.3,28,穿山王,地面,,-,-,暗影,-,-,-,-,-,1497,120.5,123,125,23.5,潑沙,暗襲要害*,岩石封鎖,9,13,3,50000,1852528
74.3,245,水君,水,,-,-,-,-,-,-,-,-,1489,106.3,143.1,137,18.5,冰凍牙,泡沫光線,熱水,9,9,20,100000,2083417
74.2,15,大針蜂,蟲,毒,-,-,-,-,-,-,-,-,1500,127.1,106.5,130,30.5,死纏爛打,十字剪,直衝鑽*,4,4,1,10000,1760459
74.1,620,師父鼬,格鬥,,-,-,-,-,-,-,-,-,1500,158.9,84.8,105,20,發勁,狂舞揮打,火焰踢,4,4,3,50000,1415434
74.1,862,堵攔熊,惡,一般,-,-,暗影,-,-,-,-,-,1500,113.2,127.9,137,21,雙倍奉還,十字劈,暗襲要害,6,6,3,10000,1985019
74.1,123,飛天螳螂,蟲,飛行,-,-,暗影,-,-,-,-,-,1500,134.9,109.5,113,20.5,連斬,十字剪,暗襲要害,10,9,5,75000,1668474
74,611,斧牙龍,龍,,-,-,暗影,-,-,-,-,-,1500,144.3,91.5,118,25,龍尾,水流尾,暗襲要害,3,3,5,75000,1557842
74,93,鬼斯通,幽靈,毒,-,-,-,-,-,-,-,-,1498,161.2,85.5,101,28,暗影爪,暗影拳,冰凍拳,5,5,3,50000,1392317
74,770,噬沙堡爺,幽靈,地面,-,-,-,-,-,-,-,-,1499,116.6,123,134,23,驚嚇,暗影球,大地之力,5,5,3,50000,1921866
74,275,狡猾天狗,草,惡,-,-,暗影,-,-,-,-,-,1497,133.4,88.1,143,23.5,大聲咆哮,葉刃,欺詐,3,4,3,50000,1680081
74,508,長毛狗,一般,,-,-,-,-,-,-,-,-,1496,123.9,116.2,125,19.5,猛撞,瘋狂伏特,咬碎,5,5,1,10000,1799428
73.9,251,時拉比,超能力,草,-,-,-,-,-,-,-,-,1498,120.5,119.4,129,16.5,念力,波導彈,飛葉風暴,3,4,20,100000,1855163
73.9,667,小獅獅,火,一般,-,-,-,-,-,-,-,-,1500,121.6,105.8,144,48.5,燒盡,蓄能焰襲,咬碎,3,3,3,10000,1851844
73.9,79,呆呆獸,水,超能力,-,-,-,-,-,-,-,-,1386,104.2,95,186,50,念力,精神衝擊,水之波動,3,4,3,50000,1840271
73.9,321,吼鯨王,水,,-,-,暗影,-,-,-,-,-,1497,118.4,67.4,237,24.5,滾動,衝浪,破壞光線,4,7,1,10000,1891875
73.8,306,波士可多拉,鋼,岩石,-,-,暗影,-,-,-,-,-,1500,116.6,155.7,106,18.5,金屬音,流星光束,劈瓦,8,5,1,10000,1925111
73.8,822,藍鴉,飛行,,-,-,-,-,-,-,-,-,1496,118.1,104.7,153,49.5,啄,神鳥猛擊,以牙還牙,7,8,1,10000,1892802
73.8,622,泥偶小人,地面,幽靈,-,-,暗影,-,-,-,-,-,1344,119.3,89.9,141,50,驚嚇,暗影拳,劈瓦,4,4,5,75000,1512725
73.8,612,雙斧戰龍,龍,,-,-,暗影,-,-,-,-,-,1500,151.5,95.2,103,15.5,龍尾,暗襲要害,衝浪,3,4,5,75000,1485200
73.8,126,鴨嘴火獸,火,,-,-,-,-,-,-,-,-,1497,135.2,107.6,114,23,空手劈,火焰拳,熱沙大地,5,6,5,75000,1658602
73.7,348,太古盔甲,岩石,蟲,-,-,暗影,-,-,-,-,-,1500,133.9,109.1,115,19.5,連斬,岩石爆擊,水流裂破,10,12,3,50000,1680484
73.7,760,穿著熊,一般,格鬥,-,-,-,-,-,-,-,-,1497,129.6,87.2,153,17.5,踢倒,蠻力,踩踏,5,5,1,10000,1729276
73.7,654,長尾火狐,火,,-,-,-,-,-,-,-,-,1499,130.6,107,123,31,火花,精神衝擊,蓄能焰襲,5,6,3,10000,1718256
73.7,589,騎士蝸牛,蟲,鋼,-,-,暗影,-,-,-,-,-,1495,132.2,117.6,108,19,蟲咬,直衝鑽,貝殼刃*,14,12,3,50000,1679048
73.7,88,臭泥,毒,,-,-,暗影,-,-,-,-,-,1497,122.8,86.9,171,49,毒擊,污泥攻擊,泥巴炸彈,6,7,3,50000,1824029
73.7,140,化石盔,岩石,水,-,-,暗影,-,-,-,-,-,1499,134.5,129.5,96,49,抓,水流噴射,岩石封鎖,10,13,5,75000,1671529
73.7,378,雷吉艾斯,冰,,-,-,-,-,-,-,-,-,1500,104.5,179.9,114,17.5,鎖定,暴風雪,打雷*,15,12,20,100000,2143693
73.7,377,雷吉洛克,岩石,,-,-,暗影,-,-,-,-,-,1493,105.8,178.5,111,17,鎖定,尖石攻擊,真氣彈,11,15,20,100000,2094814
73.6,144,急凍鳥,超能力,飛行,伽勒爾,-,-,-,-,-,-,-,1495,134.1,111,112,15.5,精神利刃,飛翔,勇鳥猛攻,5,7,20,100000,1666929
73.6,526,龐岩怪,岩石,,-,-,暗影,-,-,-,-,-,1499,127.2,118.4,117,17,鎖定,蠻力,流星光束*,8,12,3,50000,1762839
73.6,140,化石盔,岩石,水,-,-,-,-,-,-,-,-,1499,134.5,129.5,96,49,抓,水流噴射,岩石封鎖,10,13,5,75000,1671529
73.6,305,可多拉,鋼,岩石,-,-,-,-,-,-,-,-,1500,113.8,147.2,118,27,金屬音,岩石封鎖,泰山壓頂,7,5,1,10000,1976790
73.6,545,蜈蚣王,蟲,毒,-,-,暗影,-,-,-,-,-,1496,131.8,120.4,107,22.5,毒針,水流尾,十字剪,4,5,1,10000,1697847
73.6,157,火爆獸,火,幽靈,洗翠,-,-,-,-,-,-,-,1500,139.6,106.9,108,18.5,火花,暗影球,瘋狂伏特,6,5,3,10000,1611490
73.5,88,臭泥,毒,惡,阿羅拉,-,暗影,-,-,-,-,-,1497,122.8,86.9,171,49,毒擊,咬碎,污泥炸彈,7,8,3,50000,1824029
73.5,200,夢妖,幽靈,,-,-,-,-,-,-,-,-,1495,123,120.9,122,29,精神波,惡之波動,影子偷襲,12,13,3,50000,1813865
73.5,127,凱羅斯,蟲,,-,-,暗影,-,-,-,-,-,1498,139.6,112.6,102,18.5,連斬,近身戰,十字剪,12,10,5,75000,1603789
73.4,358,風鈴鈴,超能力,,-,-,-,-,-,-,-,-,1500,119.6,120.9,130,25,驚嚇,精神衝擊,能量球,4,5,5,75000,1879066
73.4,526,龐岩怪,岩石,,-,-,-,-,-,-,-,-,1499,127.2,118.4,117,17,鎖定,蠻力,流星光束*,8,12,3,50000,1762839
73.4,402,音箱蟀,蟲,,-,-,-,-,-,-,-,-,1497,127.7,89.6,153,38,連斬,十字剪,燕返,10,12,1,10000,1750786
73.4,110,雙彈瓦斯,毒,,-,-,-,-,-,-,-,-,1500,117.6,140.3,116,25,滾動,污泥炸彈,惡之波動,4,4,3,50000,1912745
73.4,523,雷電斑馬,電,,-,-,-,-,-,-,-,-,1500,137.7,95.5,124,23,踢倒,瘋狂伏特,蓄能焰襲,6,7,3,50000,1630392
73.3,594,保母曼波,水,,-,-,-,-,-,-,-,-,1499,97.4,99.5,238,26,攀瀑,水炮,暴風雪,8,8,5,75000,2305528
73.3,910,炙燙鱷,火,,-,-,-,-,-,-,-,-,1494,119.4,105.8,148,29,燒盡,咬碎,噴射火焰,3,3,3,10000,1869076
73.3,125,電擊獸,電,,-,-,-,-,-,-,-,-,1498,130.9,113.2,115,24,電擊,雷電拳,報恩<sup>†</sup>,5,8,5,75000,1704150
73.3,467,鴨嘴炎獸,火,,-,-,暗影,-,-,-,-,-,1498,140.8,104.5,108,17.5,空手劈,火焰拳,十萬伏特*,5,7,5,75000,1589375
73.3,539,打擊鬼,格鬥,,-,-,-,-,-,-,-,-,1499,140.4,97.4,117,20,踢倒,劈瓦,泰山壓頂,5,5,5,75000,1599454
73.2,76,隆隆岩,岩石,電,阿羅拉,-,-,-,-,-,-,-,1497,125.2,122.3,117,19,伏特替換,瘋狂伏特,岩石爆擊,3,3,1,10000,1791042
73.2,862,堵攔熊,惡,一般,-,-,-,-,-,-,-,-,1500,113.2,127.9,137,21,雙倍奉還,暗襲要害,十字劈,6,6,3,10000,1985019
73.1,400,大尾狸,一般,水,-,-,-,-,-,-,-,-,1498,123,99.3,149,31.5,猛撞,衝浪,必殺門牙,5,6,1,10000,1818797
73.1,332,夢歌仙人掌,草,惡,-,-,暗影,-,-,-,-,-,1498,147.2,85.1,121,24,突襲,起草,惡之波動,7,7,3,50000,1515811
73.1,603,麻麻鰻,電,,-,-,-,-,-,-,-,-,1497,122.3,110.1,136,35.5,溶解液,放電,咬碎,5,6,1,10000,1831304
73.1,922,布土撥,電,格鬥,-,-,-,-,-,-,-,-,1468,136.1,81.5,142,50,電擊,瘋狂伏特,雷電拳,5,5,3,75000,1575592
73,94,耿鬼,幽靈,毒,-,-,-,-,-,-,-,-,1495,154.3,95.5,98,19,暗影爪,暗影拳*,惡之波動*,5,6,3,50000,1444036
72.9,153,月桂葉,草,,-,-,-,-,-,-,-,-,1499,105.6,141.6,142,49.5,魔法葉,原始之力,能量球,5,5,3,10000,2122414
72.9,797,鐵火輝夜,鋼,飛行,-,-,-,-,-,-,-,-,1500,119.6,120.7,130,18,空氣斬,泰山壓頂,鐵頭,5,6,20,100000,1876702
72.9,75,隆隆石,岩石,電,阿羅拉,-,暗影,-,-,-,-,-,1500,122.6,129.9,115,29.5,伏特替換,尖石攻擊,岩石爆擊,4,3,1,10000,1831483
72.8,75,隆隆石,岩石,電,阿羅拉,-,-,-,-,-,-,-,1499,121.5,131,116,30,伏特替換,尖石攻擊,岩石爆擊,4,3,1,10000,1845378
72.8,900,劈斧螳螂,蟲,岩石,-,-,-,-,-,-,-,-,1500,143.6,104.5,104,17.5,連斬,十字剪,岩崩,10,12,5,75000,1560876
72.8,397,姆克鳥,一般,飛行,-,-,-,-,-,-,-,-,1468,131.9,91.6,135,50,翅膀攻擊,勇鳥猛攻,飛翔,7,6,1,10000,1631281
72.8,128,肯泰羅,格鬥,,-,-,-,-,鬥戰,-,-,-,1500,127.8,120.7,114,20,二連踢,近身戰,起草,4,4,3,50000,1758735
72.7,200,夢妖,幽靈,,-,-,暗影,-,-,-,-,-,1495,123,120.9,122,29,精神波,惡之波動,影子偷襲,12,13,3,50000,1813865
72.7,497,君主蛇,草,,-,-,暗影,-,-,-,-,-,1500,110.2,142.3,130,25,藤鞭,瘋狂植物*,青草攪拌器,6,5,3,10000,2038328
72.6,610,牙牙,龍,,-,-,暗影,-,-,-,-,-,1495,138.7,96.1,121,49,抓,水流尾,龍爪,9,13,5,75000,1611671
72.6,332,夢歌仙人掌,草,惡,-,-,-,-,-,-,-,-,1498,147.2,85.1,121,24,突襲,起草,惡之波動,7,7,3,50000,1515811
72.6,362,冰鬼護,冰,,-,-,暗影,-,-,-,-,-,1499,115.2,120.8,140,27,滾動,雪崩,暗影球,4,4,3,50000,1948427
72.6,619,功夫鼬,格鬥,,-,-,-,-,-,-,-,-,1497,142.8,93.3,118,47,踢倒,劈瓦,飛膝踢*,5,7,3,50000,1571195
72.6,541,寶包繭,蟲,草,-,-,-,-,-,-,-,-,1500,106.7,146.2,135,50,蟲咬,能量球,銀色旋風,15,15,1,10000,2106471
72.6,49,摩魯蛾,蟲,毒,-,-,-,-,-,-,-,-,1497,127,107.6,129,27,死纏爛打,劇毒牙,銀色旋風,4,4,3,50000,1763077
72.5,5,火恐龍,火,,-,-,暗影,-,-,-,-,-,1500,126.6,109.5,128,38.5,火花,火焰拳,噴射火焰,5,7,3,10000,1774326
72.5,996,涼脊龍,龍,冰,-,-,-,-,-,-,-,-,1410,125.2,84.9,149,50,龍息,雪崩,龍爪,12,13,5,75000,1583298
72.5,1000,賽富豪,鋼,幽靈,-,-,-,-,-,-,-,-,1493,134.6,107.8,114,15.5,禍不單行,暗影球,力量寶石,4,4,5,10000,1654913
72.5,1019,蜜集大蛇,草,龍,-,-,-,-,-,-,-,-,1500,122.3,110.7,136,17,龍尾,種子炸彈,逆鱗,4,5,5,75000,1841044
72.5,47,派拉斯特,蟲,草,-,-,-,-,-,-,-,-,1500,124.2,118.3,123,30.5,連斬,十字剪,十字毒刃,10,9,3,50000,1806701
72.5,710,南瓜精,幽靈,草,-,-,-,-,-,-,小尺寸,-,1359,115.1,116.8,119,50,驚嚇,欺詐,打草結,4,5,5,75000,1600115
72.5,275,狡猾天狗,草,惡,-,-,-,-,-,-,-,-,1497,133.4,88.1,143,23.5,大聲咆哮,葉刃,欺詐,3,4,3,50000,1680081
72.4,425,飄飄球,幽靈,飛行,-,-,暗影,-,-,-,-,-,1353,110.9,79.8,186,50,禍不單行,暗影球,冰凍之風,4,4,5,75000,1646946
72.4,500,炎武王,火,格鬥,-,-,-,-,-,-,-,-,1499,137.9,80.4,147,18.5,踢倒,爆炸烈焰*,熱風,7,6,3,10000,1630577
72.4,485,席多藍恩,火,鋼,-,-,暗影,-,-,-,-,-,1479,130.7,115.5,110,14.5,火焰旋渦,熔岩風暴*,大地之力,4,5,20,100000,1660650
72.4,391,猛火猴,火,格鬥,-,-,暗影,-,-,-,-,-,1499,129.6,96,139,42,火花,火焰輪,下盤踢,5,5,3,10000,1730680
72.3,228,戴魯比,惡,火,-,-,暗影,-,-,-,-,-,1395,140.3,82.3,120,50,火花,惡之波動,噴射火焰,5,7,3,50000,1386732
72.3,972,墓揚犬,幽靈,,-,-,-,-,-,-,-,-,1498,120.3,130.3,119,22,咬住,暗影球,精神之牙,13,9,3,50000,1865721
72.3,367,獵斑魚,水,,-,-,-,-,-,-,-,-,1497,130.8,125.6,104,23.5,咬住,水流尾,咬碎,9,12,3,50000,1709128
72.2,464,超甲狂犀,地面,岩石,-,-,-,-,-,-,-,-,1500,126.8,104.5,134,15,擲泥,直衝鑽,岩石炮*,4,5,3,50000,1775272
72.2,27,穿山鼠,地面,,-,-,-,-,-,-,-,-,1426,118.5,113.4,127,50,抓,流沙地獄,岩石封鎖*,12,13,3,50000,1706968
72.2,245,水君,水,,-,-,暗影,-,-,-,-,-,1478,107.1,140,136,18,冰凍牙,泡沫光線,熱水,9,9,20,100000,2039331
72.2,329,超音波幼蟲,地面,龍,-,-,-,-,-,-,-,-,1384,125.2,95.8,127,50,龍息,流沙地獄,重踏,12,14,5,75000,1523223
72.2,899,詭角鹿,一般,超能力,-,-,-,-,-,-,-,-,1497,126.6,95.6,146,20,念力,踩踏,瘋狂伏特,3,4,5,75000,1767417
72.1,400,大尾狸,一般,水,-,-,暗影,-,-,-,-,-,1498,123,99.3,149,31.5,猛撞,衝浪,必殺門牙,5,6,1,10000,1818797
72.1,342,鐵螯龍蝦,水,惡,-,-,-,-,-,-,-,-,1498,144.7,98.4,109,22,攀瀑,暗襲要害,熱水,4,5,3,50000,1551934
72.1,125,電擊獸,電,,-,-,暗影,-,-,-,-,-,1500,132.2,112.6,114,24,電擊,雷電拳,十萬伏特,5,7,5,75000,1696362
72.1,500,炎武王,火,格鬥,-,-,暗影,-,-,-,-,-,1499,137.9,80.4,147,18.5,踢倒,爆炸烈焰*,熱風,7,6,3,10000,1630577
72.1,55,哥達鴨,水,,-,-,-,-,-,-,-,-,1499,124.2,112.2,129,22.5,念力,十字劈,水流裂破,3,4,3,50000,1796871
72.1,858,布莉姆溫,超能力,妖精,-,-,-,-,-,-,-,-,1499,142.2,115,96,19.5,精神利刃,精神衝擊,強力鞭打,5,6,5,50000,1569863
72,815,閃焰王牌,火,,-,-,-,-,-,-,-,-,1500,139,99.4,117,18.5,火焰旋渦,爆炸烈焰*,火焰球,5,4,3,10000,1617082
72,822,藍鴉,飛行,,-,-,暗影,-,-,-,-,-,1496,118.1,104.7,153,49.5,啄,神鳥猛擊,以牙還牙,7,8,1,10000,1892802
72,483,帝牙盧卡,鋼,龍,-,-,暗影,-,-,-,-,-,1488,139.4,107,106,13.5,龍息,鐵頭,打雷,13,15,20,100000,1581206
72,467,鴨嘴炎獸,火,,-,-,-,-,-,-,-,-,1498,140.8,104.5,108,17.5,空手劈,火焰拳,十萬伏特*,5,7,5,75000,1589375
72,79,呆呆獸,水,超能力,-,-,暗影,-,-,-,-,-,1386,104.2,95,186,50,念力,精神衝擊,水之波動,3,4,3,50000,1840271
72,389,土台龜,草,地面,-,-,暗影,-,-,-,-,-,1498,119.9,117,133,19,擲泥,瘋狂植物*,流沙地獄,5,5,3,10000,1867141
71.9,611,斧牙龍,龍,,-,-,-,-,-,-,-,-,1500,144.3,91.5,118,25,龍尾,水流尾,暗襲要害,3,3,5,75000,1557842
71.8,232,頓甲,地面,,-,-,暗影,-,-,-,-,-,1498,125.3,113.2,126,18.5,擲泥,起草,泰山壓頂,5,4,3,50000,1786397
71.8,388,樹林龜,草,,-,-,-,-,-,-,-,-,1500,117.8,114.9,141,30,咬住,泰山壓頂,能量球,10,12,3,10000,1908142
71.8,240,鴨嘴寶寶,火,,-,-,-,-,-,-,-,-,1496,139.5,95.8,120,50,空手劈,火焰拳,劈瓦,5,5,5,10000,1603478
71.8,376,巨金怪,鋼,超能力,-,-,-,-,-,-,-,-,1498,132.8,122.1,104,14.5,暗影爪*,彗星拳*,地震,6,9,5,75000,1685821
71.8,49,摩魯蛾,蟲,毒,-,-,暗影,-,-,-,-,-,1497,127,107.6,129,27,死纏爛打,劇毒牙,銀色旋風,4,4,3,50000,1763077
71.8,335,貓鼬斬,一般,,-,-,-,-,-,-,-,-,1500,144.8,87.8,122,23,連斬,近身戰,暗襲要害,12,9,3,50000,1550367
71.8,571,索羅亞克,惡,,-,-,-,-,-,-,-,-,1500,157.3,88,103,21.5,突襲,欺詐,污泥炸彈,6,8,5,75000,1425304
71.7,419,浮潛鼬,水,,-,-,-,-,-,-,-,-,1500,143.8,81.7,133,22.5,攀瀑,水流噴射,高速星星,4,4,3,50000,1563742
71.7,55,哥達鴨,水,,-,-,暗影,-,-,-,-,-,1499,124.2,112.2,129,22.5,念力,十字劈,水流裂破,3,4,3,50000,1796871
71.6,441,聒噪鳥,一般,飛行,-,-,-,-,-,-,-,-,1499,139.6,78.4,147,32.5,啄,神鳥猛擊,熱風,7,6,5,75000,1609663
71.6,645,土地雲,地面,飛行,-,化身,暗影,-,-,-,-,-,1499,140.2,100.9,113,15,泥巴射擊,大地之力,岩崩,6,5,20,100000,1598546
71.6,310,雷電獸,電,,-,-,-,-,-,-,-,-,1498,142.5,91.3,121,23.5,雷電牙,精神之牙,瘋狂伏特,6,8,3,50000,1574038
71.6,391,猛火猴,火,格鬥,-,-,-,-,-,-,-,-,1499,129.6,96,139,42,火花,火焰輪,下盤踢,5,5,3,10000,1730680
71.6,894,雷吉艾勒奇,電,,-,-,-,-,-,-,-,-,1489,149.8,82.6,119,19.5,伏特替換,雷電囚籠*,破壞光線,3,5,20,100000,1472474
71.6,123,飛天螳螂,蟲,飛行,-,-,-,-,-,-,-,-,1500,134.9,109.5,113,20.5,連斬,十字剪,暗襲要害,10,9,5,75000,1668474
71.5,256,力壯雞,火,格鬥,-,-,-,-,-,-,-,-,1499,130.4,100.9,131,37.5,火花,岩崩,蓄能焰襲,5,6,3,10000,1723138
71.5,256,力壯雞,火,格鬥,-,-,暗影,-,-,-,-,-,1499,130.4,100.9,131,37.5,火花,岩崩,蓄能焰襲,5,6,3,10000,1723138
71.5,622,泥偶小人,地面,幽靈,-,-,-,-,-,-,-,-,1344,119.3,89.9,141,50,驚嚇,暗影拳,劈瓦,4,4,5,75000,1512725
71.4,610,牙牙,龍,,-,-,-,-,-,-,-,-,1495,138.7,96.1,121,49,抓,水流尾,龍爪,9,13,5,75000,1611671
71.4,93,鬼斯通,幽靈,毒,-,-,暗影,-,-,-,-,-,1498,161.2,85.5,101,28,暗影爪,冰凍拳,暗影球,5,7,3,50000,1392317
71.4,237,戰舞郎,格鬥,,-,-,暗影,-,-,-,-,-,1500,121.2,149.9,102,26,雙倍奉還,近身戰,三旋擊,8,8,5,75000,1853307
71.4,329,超音波幼蟲,地面,龍,-,-,暗影,-,-,-,-,-,1384,125.2,95.8,127,50,龍息,流沙地獄,重踏,12,14,5,75000,1523223
71.3,588,蓋蓋蟲,蟲,,-,-,暗影,-,-,-,-,-,1336,127.7,85.7,127,50,連斬,直衝鑽,十字剪,10,10,3,50000,1390325
71.3,305,可多拉,鋼,岩石,-,-,暗影,-,-,-,-,-,1500,113.8,147.2,118,27,金屬音,岩石封鎖,泰山壓頂,7,5,1,10000,1976790
71.2,632,鐵蟻,蟲,鋼,-,-,-,-,-,-,-,-,1499,135.3,122.4,100,21,蟲咬,十字剪,鐵頭,14,17,3,50000,1656336
71.2,77,小火馬,火,,-,-,暗影,-,-,-,-,-,1500,133.5,108.2,116,36,火花,火焰輪,踩踏,5,5,3,50000,1675972
71.2,432,東施喵,一般,,-,-,-,-,-,-,-,-,1493,125.5,105.5,134,28.5,抓,燕返,打雷,12,15,3,50000,1775269
71.2,465,巨蔓藤,草,,-,-,-,-,-,-,-,-,1495,120.7,112.8,136,18,藤鞭,強力鞭打,岩崩,7,6,3,50000,1851661
71.1,359,阿勃梭魯,惡,,-,-,暗影,-,-,-,-,-,1498,156.6,84,109,22,精神利刃,狂舞揮打*,超級角擊,4,7,5,75000,1433529
71.1,347,太古羽蟲,岩石,蟲,-,-,暗影,-,-,-,-,-,1499,145.4,92.1,115,43.5,抓,水流噴射,十字毒刃,10,9,3,50000,1539881
71.1,146,火焰鳥,火,飛行,-,-,-,-,-,-,-,-,1499,136.8,103.7,115,16,翅膀攻擊,飛翔,熱風,6,6,20,100000,1630791
71.1,146,火焰鳥,火,飛行,-,-,暗影,-,-,-,-,-,1499,139.9,102,112,15.5,翅膀攻擊,飛翔,熱風,6,6,20,100000,1598740
71.1,586,萌芽鹿,一般,草,-,-,-,-,-,-,-,-,1496,129.4,101.9,131,23,猛撞,瘋狂伏特,起草,5,5,3,50000,1726893
71,127,凱羅斯,蟲,,-,-,-,-,-,-,-,-,1498,139.6,112.6,102,18.5,連斬,近身戰,十字剪,12,10,5,75000,1603789
71,79,呆呆獸,超能力,,伽勒爾,-,-,-,-,-,-,-,1386,104.2,95,186,50,念力,精神衝擊,衝浪,3,4,3,50000,1840271
71,903,大狃拉,格鬥,毒,-,-,-,-,-,-,-,-,1500,145.4,94.7,112,17,暗影爪,近身戰,十字剪,6,5,5,75000,1542861
70.9,398,姆克鷹,一般,飛行,-,-,-,-,-,-,-,-,1496,140.4,90.8,125,19.5,翅膀攻擊,飛翔,近身戰,6,6,1,10000,1594214
70.8,937,蒼炎刃鬼,火,幽靈,-,-,-,-,-,-,-,-,1500,136.4,114,106,17.5,燒盡,暗影球,熱風,3,3,5,50000,1647731
70.8,425,飄飄球,幽靈,飛行,-,-,-,-,-,-,-,-,1353,110.9,79.8,186,50,禍不單行,暗影球,冰凍之風,4,4,5,75000,1646946
70.7,348,太古盔甲,岩石,蟲,-,-,-,-,-,-,-,-,1500,133.9,109.1,115,19.5,連斬,岩石爆擊,水流裂破,10,12,3,50000,1680484
70.7,253,森林蜥蜴,草,,-,-,-,-,-,-,-,-,1498,136.3,103.2,117,36.5,電光一閃,葉刃,燕返,5,6,3,10000,1646572
70.7,485,席多藍恩,火,鋼,-,-,-,-,-,-,-,-,1499,133,112.3,113,15,火焰旋渦,熔岩風暴*,大地之力,4,5,20,100000,1686996
70.7,811,啪咚猴,草,,-,-,-,-,-,-,-,-,1500,123.7,107.6,136,30,抓,能量球,打草結,12,13,3,10000,1808877
70.6,153,月桂葉,草,,-,-,暗影,-,-,-,-,-,1499,105.6,141.6,142,49.5,魔法葉,原始之力,能量球,5,5,3,10000,2122414
70.6,232,頓甲,地面,,-,-,-,-,-,-,-,-,1498,125.3,113.2,126,18.5,擲泥,起草,泰山壓頂,5,4,3,50000,1786397
70.6,238,迷唇娃,冰,超能力,-,-,-,-,-,-,-,-,1460,141.2,89.1,120,50,細雪,精神衝擊,冰凍拳,5,5,5,10000,1508916
70.5,388,樹林龜,草,,-,-,暗影,-,-,-,-,-,1500,117.8,114.9,141,30,咬住,能量球,泰山壓頂,12,10,3,10000,1908142
70.5,903,大狃拉,格鬥,毒,-,-,暗影,-,-,-,-,-,1500,145.4,94.7,112,17,暗影爪,近身戰,十字剪,6,5,5,75000,1542861
70.4,304,可可多拉,鋼,岩石,-,-,-,-,-,-,-,-,1478,114.3,131.1,127,50,金屬音,岩石封鎖,鐵頭,7,7,1,10000,1902550
70.4,857,提布莉姆,超能力,,-,-,-,-,-,-,-,-,1494,122.7,115.7,128,38.5,念力,精神衝擊,魔法閃耀,3,4,5,50000,1817823
70.4,470,葉伊布,草,,-,-,-,-,-,-,-,-,1500,128.1,133.9,102,19,電光一閃,葉刃,珍藏*,5,7,5,75000,1749898
70.4,499,炒炒豬,火,格鬥,-,-,-,-,-,-,-,-,1497,127.3,87,158,29,火花,岩石封鎖,蓄能焰襲,6,6,3,10000,1751280
70.4,397,姆克鳥,一般,飛行,-,-,暗影,-,-,-,-,-,1468,131.9,91.6,135,50,翅膀攻擊,勇鳥猛攻,飛翔,7,6,1,10000,1631281
70.3,5,火恐龍,火,,-,-,-,-,-,-,-,-,1500,126.6,109.5,128,38.5,火花,火焰拳,報恩<sup>†</sup>,5,8,3,10000,1774326
70.2,645,土地雲,地面,飛行,-,化身,-,-,-,-,-,-,1499,140.2,100.9,113,15,泥巴射擊,大地之力,岩崩,6,5,20,100000,1598546
70,239,電擊怪,電,,-,-,-,-,-,-,-,-,1364,126,97.5,120,50,電擊,雷電拳,劈瓦,5,5,5,10000,1474345
70,110,雙彈瓦斯,毒,,-,-,暗影,-,-,-,-,-,1499,117.7,139.5,116,24.5,滾動,污泥炸彈,惡之波動,4,4,3,50000,1904809
69.9,136,火伊布,火,,-,-,-,-,-,-,-,-,1498,142.3,110,100,18,火花,蠻力*,熱風*,5,5,5,75000,1564103
69.9,750,重泥挽馬,地面,,-,-,-,-,-,-,-,-,1491,123.6,107.1,136,18,擲泥,重踏,泰山壓頂,6,4,3,50000,1799895
69.9,199,呆呆王,水,超能力,-,-,-,-,-,-,-,-,1500,113.4,120.9,144,22,念力,衝浪*,暴風雪,4,6,3,50000,1974848
69.9,682,粉香香,妖精,,-,-,-,-,-,-,-,-,1415,105,107.6,168,50,撒嬌,吸取之吻,十萬伏特,7,7,3,50000,1898008
69.8,564,原蓋海龜,水,岩石,-,-,-,-,-,-,-,-,1500,114.4,132.5,130,46.5,咬住,衝浪,原始之力,12,12,5,75000,1969593
69.8,70,口呆花,草,毒,-,-,-,-,-,-,-,-,1500,137.9,84.8,139,40.5,溶解液,強力鞭打,種子炸彈,7,5,3,50000,1626595
69.7,721,波爾凱尼恩,火,水,-,-,-,-,-,-,-,-,1494,135.6,117.4,103,15,燒盡,熱水,過熱,3,3,20,100000,1639861
69.6,58,卡蒂狗,火,,-,-,暗影,-,-,-,-,-,1405,126.9,90.8,135,50,火花,火焰輪,泰山壓頂,5,5,3,50000,1554545
69.6,284,雨翅蛾,蟲,飛行,-,-,-,-,-,-,-,-,1497,129.6,109.1,122,24.5,死纏爛打,空氣利刃,猛撲,4,4,1,10000,1725007
69.6,844,沙螺蟒,地面,,-,-,-,-,-,-,-,-,1498,123.1,132,112,20,擲泥,大地之力,緊束,5,5,3,50000,1819734
69.6,434,臭鼬噗,毒,惡,-,-,-,-,-,-,-,-,1301,114.3,88.2,147,50,抓,咬碎,起草,12,12,3,50000,1482226
69.6,277,大王燕,一般,飛行,-,-,-,-,-,-,-,-,1499,136,100,121,29,翅膀攻擊,勇鳥猛攻,燕返,7,6,1,10000,1645136
69.5,458,小球飛魚,水,飛行,-,-,-,-,-,-,-,-,1411,100.8,163,120,50,泡沫,水之波動,燕返,5,5,5,10000,1972572
69.5,398,姆克鷹,一般,飛行,-,-,暗影,-,-,-,-,-,1496,140.4,90.8,125,19.5,翅膀攻擊,飛翔,近身戰,6,6,1,10000,1594214
69.5,696,寶寶暴龍,岩石,龍,-,-,-,-,-,-,-,-,1498,126.6,107.9,129,38.5,龍尾,岩石封鎖,踩踏,5,4,5,75000,1762642
69.4,359,阿勃梭魯,惡,,-,-,-,-,-,-,-,-,1498,156.6,84,109,22,精神利刃,狂舞揮打*,超級角擊,4,7,5,75000,1433529
69.4,615,幾何雪花,冰,,-,-,-,-,-,-,-,-,1499,115.9,138,121,20,冰礫,三旋擊,暗襲要害,5,4,5,75000,1935216
69.4,677,妙喵,超能力,,-,-,-,-,-,-,-,-,1424,113.4,108.4,145,50,念力,精神衝擊,能量球,3,4,3,50000,1783036
69.4,612,雙斧戰龍,龍,,-,-,-,-,-,-,-,-,1500,151.5,95.2,103,15.5,龍尾,暗襲要害,衝浪,3,4,5,75000,1485200
69.4,77,小火馬,火,,-,-,-,-,-,-,-,-,1500,133.5,108.2,116,36,火花,火焰輪,踩踏,5,5,3,50000,1675972
69.4,759,童偶熊,一般,格鬥,-,-,-,-,-,-,-,-,1499,124.8,92.2,156,49.5,猛撞,蠻力,踩踏,5,5,1,10000,1794685
69.3,614,凍原熊,冰,,-,-,-,-,-,-,-,-,1500,135.5,94.1,130,18,細雪,冰凍拳,水流裂破,5,6,3,50000,1656683
69.3,128,肯泰羅,格鬥,火,-,-,-,-,火熾,-,-,-,1500,127.8,120.7,114,20,二連踢,蓄能焰襲,起草,5,4,3,50000,1758735
69.1,27,穿山鼠,地面,,-,-,暗影,-,-,-,-,-,1426,118.5,113.4,127,50,抓,流沙地獄,岩石封鎖*,12,13,3,50000,1706968
69.1,465,巨蔓藤,草,,-,-,暗影,-,-,-,-,-,1495,120.7,112.8,136,18,藤鞭,強力鞭打,岩崩,7,6,3,50000,1851661
69.1,697,怪顎龍,岩石,龍,-,-,-,-,-,-,-,-,1493,129.1,115.1,116,17.5,龍尾,岩石封鎖,咬碎,5,4,5,75000,1723842
69,907,蒂蕾喵,草,,-,-,-,-,-,-,-,-,1500,124.5,110.6,131,37,樹葉,能量球,嬉鬧,6,8,3,10000,1803025
69,2,妙蛙草,草,毒,-,-,-,-,-,-,-,-,1500,118.7,121.1,131,37.5,藤鞭,強力鞭打,污泥炸彈,7,7,3,10000,1883144
69,405,倫琴貓,電,,-,-,-,-,-,-,-,-,1500,138,99,119,19,電光,瘋狂伏特,精神之牙*,7,5,5,75000,1625573
69,942,偶叫獒,惡,,-,-,-,-,-,-,-,-,1497,125.8,101.8,139,47.5,咬住,咬碎,精神之牙,12,9,3,50000,1780813
68.9,670,花葉蒂,妖精,,-,-,-,-,-,-,-,-,1499,114.3,134.5,128,44,藤鞭,魔法閃耀,精神強念,7,7,3,50000,1967111
68.9,336,飯匙蛇,毒,,-,-,-,-,-,-,-,-,1496,137.5,90.1,131,26.5,毒擊,劇毒牙,緊束,6,7,3,50000,1623124
68.8,122,魔牆人偶,超能力,妖精,-,-,-,-,-,-,-,-,1500,131.6,144.3,90,25,精神波,暗影球,精神強念,13,14,5,75000,1708557
68.8,668,火炎獅,火,一般,-,-,-,-,-,-,-,-,1500,135,98,126,20,燒盡,蓄能焰襲,惡之波動,3,3,3,10000,1666684
68.7,626,爆炸頭水牛,一般,,-,-,-,-,-,-,-,-,1500,118.9,115.9,137,20,泥巴射擊,踩踏,超級角擊,5,7,3,50000,1887582
68.6,830,白蓬蓬,草,,-,-,-,-,-,-,-,-,1498,108.4,160.5,119,28.5,種子機關槍,能量球,打草結,4,4,3,50000,2069942
68.6,58,卡蒂狗,火,,-,-,-,-,-,-,-,-,1405,126.9,90.8,135,50,火花,火焰輪,泰山壓頂,5,5,3,50000,1554545
68.5,956,超能豔鴕,超能力,,-,-,-,-,-,-,-,-,1499,131.8,90,143,22.5,念力,精神衝擊,魔法閃耀,3,4,3,50000,1695842
68.5,853,八爪武師,格鬥,,-,-,-,-,-,-,-,-,1500,130.4,107.1,123,21,攀瀑,蠻力,冰凍拳,4,4,3,50000,1718101
68.5,17,比比鳥,一般,飛行,-,-,暗影,-,-,-,-,-,1350,110.9,100.8,147,50,翅膀攻擊,空氣利刃,龍捲風,5,5,1,10000,1644149
68.4,588,蓋蓋蟲,蟲,,-,-,-,-,-,-,-,-,1336,127.7,85.7,127,50,連斬,直衝鑽,十字剪,10,10,3,50000,1390325
68.4,376,巨金怪,鋼,超能力,-,-,暗影,-,-,-,-,-,1498,132.8,122.1,104,14.5,暗影爪*,彗星拳*,地震,6,9,5,75000,1685821
68.4,150,超夢,超能力,,-,-,暗影,-,-,-,-,-,1480,147.4,94.4,106,13,精神利刃,精神擊破*,十萬伏特,5,7,20,100000,1475059
68.4,17,比比鳥,一般,飛行,-,-,-,-,-,-,-,-,1350,110.9,100.8,147,50,翅膀攻擊,空氣利刃,龍捲風,5,5,1,10000,1644149
68.4,697,怪顎龍,岩石,龍,-,-,暗影,-,-,-,-,-,1493,129.1,115.1,116,17.5,龍尾,咬碎,岩石封鎖,4,5,5,75000,1723842
68.3,794,爆肌蚊,蟲,格鬥,-,-,-,-,-,-,-,-,1499,128.2,111.7,122,16,雙倍奉還,蠻力,猛撲,7,8,20,100000,1747334
68.3,222,太陽珊瑚,水,岩石,-,-,-,-,-,-,-,-,1500,108.6,142,134,49,泡沫,力量寶石,岩石爆擊,5,4,3,50000,2066246
68.3,554,火紅不倒翁,火,,-,-,暗影,-,-,-,-,-,1500,131.9,82.3,157,50,火焰牙,火焰拳,蓄能焰襲,7,9,3,50000,1705667
68.3,434,臭鼬噗,毒,惡,-,-,暗影,-,-,-,-,-,1301,114.3,88.2,147,50,抓,咬碎,起草,12,12,3,50000,1482226
68.2,56,猴怪,格鬥,,-,-,暗影,-,-,-,-,-,1317,137,81.5,113,50,空手劈,十字劈,劈瓦,4,5,3,50000,1261556
68.2,505,步哨鼠,一般,,-,-,-,-,-,-,-,-,1500,125.2,114.1,125,31.5,踢倒,咬碎,必殺門牙,6,7,1,10000,1785264
68.1,550,野蠻鱸魚,水,,-,-,-,-,-,-,-,-,1500,134,97.2,129,27,水槍,水流尾,水流噴射,12,14,1,10000,1679476
68.1,505,步哨鼠,一般,,-,-,暗影,-,-,-,-,-,1500,125.2,114.1,125,31.5,踢倒,咬碎,必殺門牙,6,7,1,10000,1785264
68,421,櫻花兒,草,,-,-,-,-,盛開,-,-,-,1500,121.9,116.3,130,27.5,種子機關槍,氣象球 火,日光束,3,7,1,10000,1842766
68,554,火紅不倒翁,火,,-,-,-,-,-,-,-,-,1500,131.9,82.3,157,50,火焰牙,火焰拳,蓄能焰襲,7,9,3,50000,1705667
68,74,小拳石,岩石,電,阿羅拉,-,暗影,-,-,-,-,-,1462,123.5,123.5,113,50,伏特替換,岩石封鎖,岩崩,4,3,1,10000,1724177
68,631,熔蟻獸,火,,-,-,-,-,-,-,-,-,1500,134.7,92.6,134,23.5,火焰旋渦,雷電拳,噴射火焰,4,6,3,50000,1671446
68,107,快拳郎,格鬥,,-,-,-,-,-,-,-,-,1497,128.9,137.4,98,24,雙倍奉還,冰凍拳,雷電拳,7,7,5,75000,1736383
68,499,炒炒豬,火,格鬥,-,-,暗影,-,-,-,-,-,1497,127.3,87,158,29,火花,岩石封鎖,蓄能焰襲,6,6,3,10000,1751280
68,479,洛托姆,電,幽靈,-,-,-,-,一般,-,-,-,1499,132.4,120.5,106,27.5,驚嚇,十萬伏特,奇異之風,6,5,5,75000,1691086
68,215,狃拉,格鬥,毒,洗翠,-,-,-,-,-,-,-,1497,134,111.8,111,27,毒擊,近身戰,十字剪,7,6,3,50000,1661900
67.9,842,豐蜜龍,草,龍,-,-,-,-,-,-,-,-,1499,116.6,102.5,161,23,驚嚇,能量球,逆鱗,5,6,5,75000,1924256
67.9,59,風速狗,火,,-,-,暗影,-,-,-,-,-,1496,132.1,102.6,125,18,咬住*,瘋狂伏特,精神之牙,12,9,3,50000,1693302
67.9,113,吉利蛋,一般,,-,-,-,-,-,-,-,-,1418,63,120.2,421,50,意念頭錘,魔法閃耀,精神強念,10,10,5,75000,3188219
67.9,696,寶寶暴龍,岩石,龍,-,-,暗影,-,-,-,-,-,1498,126.6,107.9,129,38.5,龍尾,岩石封鎖,踩踏,5,4,5,75000,1762642
67.8,59,風速狗,火,,-,-,-,-,-,-,-,-,1496,132.1,102.6,125,18,咬住*,瘋狂伏特,精神之牙,12,9,3,50000,1693302
67.8,929,奧利紐,草,一般,-,-,-,-,-,-,-,-,1497,118.5,122.7,130,50,魔法葉,大地之力,起草,5,5,3,50000,1889662
67.8,58,卡蒂狗,火,岩石,洗翠,-,-,-,-,-,-,-,1495,131.9,89.9,142,50,火花,岩崩,咬碎,5,5,3,50000,1684382
67.8,432,東施喵,一般,,-,-,暗影,-,-,-,-,-,1493,125.5,105.5,134,28.5,抓,燕返,打雷,12,15,3,50000,1775269
67.8,559,滑滑小子,惡,格鬥,-,-,-,-,-,-,-,-,1496,120.3,122.8,126,49,出奇一擊,快手還擊,欺詐,7,7,3,50000,1860953
67.7,838,大炭車,岩石,火,-,-,-,-,-,-,-,-,1500,97.1,141.5,168,46.5,擊落,岩崩,蓄能焰襲,6,7,3,10000,2308407
67.7,250,鳳王,火,飛行,-,-,-,-,-,-,-,-,1491,123,128.5,114,14,燒盡,勇鳥猛攻,神聖之火*,3,4,20,100000,1800807
67.6,427,捲捲耳,一般,,-,-,-,-,-,-,-,-,1423,121.8,100.8,135,50,電光一閃,高速星星,火焰拳,5,5,3,50000,1658639
67.6,759,童偶熊,一般,格鬥,-,-,暗影,-,-,-,-,-,1499,124.8,92.2,156,49.5,猛撞,蠻力,踩踏,5,5,1,10000,1794685
67.5,424,雙尾怪手,一般,,-,-,暗影,-,-,-,-,-,1500,133.9,100.6,124,23,抓,燕返,下盤踢,12,10,3,50000,1669988
67.5,264,直衝熊,惡,一般,伽勒爾,-,暗影,-,-,-,-,-,1497,114.1,111.8,154,38.5,大聲咆哮,泰山壓頂,挖洞,4,4,1,10000,1965124
67.4,253,森林蜥蜴,草,,-,-,暗影,-,-,-,-,-,1498,136.3,103.2,117,36.5,種子機關槍,葉刃,燕返,3,4,3,10000,1646572
67.4,61,蚊香君,水,,-,-,-,-,-,-,-,-,1500,114.3,116,148,50,泡沫,熱水*,泥巴炸彈,5,5,3,50000,1961320
67.4,726,炎熱喵,火,,-,-,-,-,-,-,-,-,1496,135.6,89.9,135,35,火花,蓄能焰襲,咬碎,6,5,3,10000,1644555
67.3,625,劈斬司令,惡,鋼,-,-,-,-,-,-,-,-,1500,139.8,109.7,105,19.5,大聲咆哮,惡之波動,鐵頭,4,4,5,75000,1610607
67.3,156,火岩鼠,火,,-,-,-,-,-,-,-,-,1500,126.6,109.5,128,38.5,火花,蓄能焰襲,挖洞,6,6,3,10000,1774326
67.2,74,小拳石,岩石,電,阿羅拉,-,-,-,-,-,-,-,1462,123.5,123.5,113,50,伏特替換,岩石封鎖,岩崩,4,3,1,10000,1724177
67.2,107,快拳郎,格鬥,,-,-,暗影,-,-,-,-,-,1497,128.9,137.4,98,24,雙倍奉還,冰凍拳,雷電拳,7,7,5,75000,1736383
67.2,749,泥驢仔,地面,,-,-,-,-,-,-,-,-,1498,129.9,98.7,134,29.5,擲泥,重踏,泰山壓頂,6,4,3,50000,1717363
67.2,43,走路草,草,毒,-,-,暗影,-,-,-,-,-,1389,122.7,106.7,120,50,溶解液,種子炸彈,月亮之力,5,7,3,50000,1571110
67.1,43,走路草,草,毒,-,-,-,-,-,-,-,-,1389,122.7,106.7,120,50,溶解液,種子炸彈,月亮之力,5,7,3,50000,1571110
67.1,199,呆呆王,水,超能力,-,-,暗影,-,-,-,-,-,1500,113.4,120.9,144,22,念力,衝浪*,暴風雪,4,6,3,50000,1974848
67,576,哥德小姐,超能力,,-,-,-,-,-,-,-,-,1498,115.3,140.9,119,23,念力,岩崩,預知未來,4,5,3,50000,1934140
67,135,雷伊布,電,,-,-,-,-,-,-,-,-,1498,137.4,114.7,103,19,電擊,放電,珍藏*,5,7,5,75000,1623594
67,678,超能妙喵,超能力,,-,-,-,-,-,雌,-,-,1499,117.2,124,132,26,念力,能量球,暗影球,4,4,3,50000,1917248
67,715,音波龍,飛行,龍,-,-,-,-,-,-,-,-,1500,125.5,113.5,126,20,咬住,熱風,暴風,12,15,5,75000,1794213
67,378,雷吉艾斯,冰,,-,-,暗影,-,-,-,-,-,1493,105.8,178.5,111,17,鎖定,暴風雪,打雷*,15,12,20,100000,2094814
66.9,44,臭臭花,草,毒,-,-,-,-,-,-,-,-,1498,121.4,116,131,37,溶解液,月亮之力,污泥炸彈,7,7,3,50000,1844296
66.9,228,戴魯比,惡,火,-,-,-,-,-,-,-,-,1395,140.3,82.3,120,50,火花,惡之波動,噴射火焰,5,7,3,50000,1386732
66.9,855,怖思壺,幽靈,,-,-,-,-,-,-,-,-,1498,142.8,115.6,95,18,禍不單行,暗影球,惡之波動,4,4,3,50000,1568716
66.8,264,直衝熊,惡,一般,伽勒爾,-,-,-,-,-,-,-,1497,114.1,111.8,154,38.5,大聲咆哮,泰山壓頂,挖洞,4,4,1,10000,1965124
66.8,56,猴怪,格鬥,,-,-,-,-,-,-,-,-,1317,137,81.5,113,50,空手劈,十字劈,劈瓦,4,5,3,50000,1261556
66.8,564,原蓋海龜,水,岩石,-,-,暗影,-,-,-,-,-,1500,114.4,132.5,130,46.5,咬住,衝浪,原始之力,12,12,5,75000,1969593
66.8,158,小鋸鱷,水,,-,-,-,-,-,-,-,-,1279,110.9,104.2,127,50,抓,水流噴射,咬碎,10,12,3,10000,1467804
66.7,109,瓦斯彈,毒,,-,-,-,-,-,-,-,-,1373,112.6,131.1,113,50,死纏爛打,污泥攻擊,惡之波動,4,4,3,50000,1667925
66.6,319,巨牙鯊,水,惡,-,-,暗影,-,-,-,-,-,1498,166.6,64.1,126,25.5,咬住,咬碎,劇毒牙,12,10,3,50000,1345428
66.6,215,狃拉,格鬥,毒,洗翠,-,暗影,-,-,-,-,-,1497,134,111.8,111,27,毒擊,近身戰,十字剪,7,6,3,50000,1661900
66.4,735,貓鼬探長,一般,,-,-,-,-,-,-,-,-,1500,134.2,85,147,25.5,猛撞,岩石封鎖,咬碎,6,5,1,10000,1677298
66.4,158,小鋸鱷,水,,-,-,暗影,-,-,-,-,-,1279,110.9,104.2,127,50,抓,水流噴射,咬碎,10,12,3,10000,1467804
66.3,65,胡地,超能力,,-,-,暗影,-,-,-,-,-,1499,155.9,101.4,91,18,精神利刃,火焰拳,暗影球,5,6,3,50000,1438855
66.3,609,水晶燈火靈,幽靈,火,-,-,暗影,-,-,-,-,-,1498,151.5,105.2,93,17,燒盡,暗影球,能量球,3,3,5,75000,1481922
66.3,294,吼爆彈,一般,,-,-,-,-,-,-,-,-,1500,125.2,80.7,178,50,咬住,踩踏,魅惑之聲,10,12,1,10000,1797820
66.3,33,尼多力諾,毒,,-,-,-,-,-,-,-,-,1498,123.3,104.3,141,47.5,毒針,污泥炸彈,挖洞,6,6,3,50000,1813973
66.2,569,灰塵山,毒,,-,-,暗影,-,-,-,-,-,1498,121.1,115.9,132,23.5,死纏爛打,泰山壓頂,種子炸彈,4,4,3,50000,1852920
66.2,156,火岩鼠,火,,-,-,暗影,-,-,-,-,-,1500,126.6,109.5,128,38.5,火花,蓄能焰襲,挖洞,6,6,3,10000,1774326
66,301,優雅貓,一般,,-,-,-,-,-,-,-,-,1496,111.9,116.8,153,46.5,撒嬌,瘋狂伏特,魅惑之聲,6,6,3,50000,2000374
66,886,多龍奇,龍,幽靈,-,-,-,-,-,-,-,-,1499,130.4,93.1,142,37.5,龍尾,暗影球,逆鱗,5,5,5,75000,1724150
66,873,雪絨蛾,冰,蟲,-,-,-,-,-,-,-,-,1500,141.5,101,111,20.5,細雪,冰凍之風,蟲鳴,6,8,5,75000,1586766
66,422,無殼海兔,水,,-,-,-,-,-,-,-,-,1284,99.2,100.8,166,50,擲泥,水之波動,泰山壓頂,5,4,3,50000,1659740
66,215,狃拉,惡,冰,-,-,暗影,-,-,-,-,-,1497,134,111.8,111,27,冰礫,雪崩,欺詐,5,4,3,50000,1661900
66,583,多多冰,冰,,-,-,-,-,-,-,-,-,1500,123.7,120.5,122,40.5,驚嚇,冰凍之風,信號光束,5,6,3,50000,1818275
65.9,304,可可多拉,鋼,岩石,-,-,暗影,-,-,-,-,-,1478,114.3,131.1,127,50,金屬音,岩石封鎖,鐵頭,7,7,1,10000,1902550
65.9,712,冰寶,冰,,-,-,-,-,-,-,-,-,1374,110.9,113.4,135,50,咬住,冰凍之風,咬碎,12,12,3,50000,1698675
65.9,553,流氓鱷,地面,惡,-,-,-,-,-,-,-,-,1499,133.2,98,129,18,擲泥,流沙地獄,咬碎,5,5,5,75000,1684588
65.9,394,波皇子,水,,-,-,-,-,-,-,-,-,1498,118.6,117.1,136,36.5,泡沫,冰凍之風,泡沫光線,5,5,3,10000,1888948
65.8,347,太古羽蟲,岩石,蟲,-,-,-,-,-,-,-,-,1499,145.4,92.1,115,43.5,抓,水流噴射,原始之力,10,12,3,50000,1539881
65.8,295,爆音怪,一般,,-,-,-,-,-,-,-,-,1500,119.8,99.5,157,24,驚嚇,咬碎,魅惑之聲,5,5,1,10000,1870373
65.8,138,菊石獸,岩石,水,-,-,-,-,-,-,-,-,1500,128,135.3,101,43,泥巴射擊,岩石封鎖*,岩石爆擊,6,5,5,75000,1749618
65.7,269,毒粉蛾,蟲,毒,-,-,-,-,-,-,-,-,1384,95,148.7,142,50,念力,銀色旋風,污泥炸彈,4,4,1,10000,2005436
65.7,818,千面避役,水,,-,-,-,-,-,-,-,-,1500,153.4,89.1,107,18.5,水槍,狙擊,加農水砲*,12,14,3,10000,1461879
65.6,609,水晶燈火靈,幽靈,火,-,-,-,-,-,-,-,-,1498,151.5,105.2,93,17,燒盡,暗影球,能量球,3,3,5,75000,1481922
65.6,891,熊徒弟,格鬥,,-,-,-,-,-,-,-,-,1493,136.6,95.6,125,34.5,雙倍奉還,近身戰,劈瓦,8,7,20,100000,1631599
65.6,137,多邊獸,一般,,-,-,-,-,-,-,-,-,1500,120,115.4,135,35.5,電光一閃<sup>†</sup>,放電*,破壞光線,5,10,3,50000,1870465
65.6,769,沙丘娃,幽靈,地面,-,-,-,-,-,-,-,-,1394,113.4,111.8,135,50,泥巴射擊,暗影球,大地之力,6,6,3,50000,1711543
65.5,267,狩獵鳳蝶,蟲,飛行,-,-,-,-,-,-,-,-,1497,144.7,84,127,33,死纏爛打,空氣利刃,銀色旋風,4,4,1,10000,1543209
65.5,196,太陽伊布,超能力,,-,-,-,-,-,-,-,-,1500,148.1,105.6,97,17.5,念力,精神之牙,暗影球*,3,4,5,75000,1517189
65.5,291,鐵面忍者,蟲,飛行,-,-,-,-,-,-,-,-,1499,144.8,88.4,121,28.5,連斬,燕返,暗影球,12,13,5,75000,1549131
65.4,569,灰塵山,毒,,-,-,-,-,-,-,-,-,1498,121.1,115.9,132,23.5,死纏爛打,泰山壓頂,垃圾射擊,4,7,3,50000,1852920
65.4,507,哈約克,一般,,-,-,-,-,-,-,-,-,1497,118.9,111.7,142,41.5,猛撞,挖洞,十萬伏特,6,7,1,10000,1885363
65.4,481,艾姆利多,超能力,,-,-,-,-,-,-,-,-,1496,123.6,128.1,114,18,念力,高速星星,預知未來,3,5,20,100000,1804097
65.4,312,負電拍拍,電,,-,-,-,-,-,-,-,-,1496,116.3,127.1,130,36.5,電光一閃,十萬伏特,打草結,7,7,3,50000,1921857
65.4,803,毒貝比,毒,,-,-,-,-,-,-,-,-,1495,119.7,113.6,137,36,啄,污泥炸彈,致命針刺,7,5,20,100000,1862719
65.4,892,武道熊師,格鬥,水,-,-,-,-,連擊流,-,-,-,1489,136.6,97.8,121,15,雙倍奉還,水流噴射,爆裂拳,7,8,20,100000,1616195
65.3,91,刺甲貝,水,冰,-,-,-,-,-,-,-,-,1498,119,169.8,93,22,冰礫,冰凍之風,水流裂破,5,5,3,50000,1879927
65.3,870,列陣兵,格鬥,,-,-,-,-,-,-,-,-,1495,127.6,119.2,115,23.5,雙倍奉還,蠻力,超級角擊,7,10,5,75000,1748115
65.3,943,獒教父,惡,,-,-,-,-,-,-,-,-,1496,134.4,105.1,117,18.5,咬住,咬碎,精神之牙,12,9,3,50000,1654007
65.3,479,洛托姆,電,草,-,-,-,-,切割,-,-,-,1500,128.8,144.9,93,21.5,電擊,奇異之風,飛葉風暴,5,7,5,75000,1736642
65.2,103,椰蛋樹,草,龍,阿羅拉,-,-,-,-,-,-,-,1498,134.4,94.8,131,18.5,龍尾,種子炸彈,流星群*,4,6,3,50000,1669766
65.2,679,獨劍鞘,鋼,幽靈,-,-,-,-,-,-,-,-,1495,122.1,127.1,118,47,精神利刃,鐵頭,陀螺球,6,6,5,75000,1831842
65.1,555,達摩狒狒,火,,-,-,暗影,-,普通,-,-,-,1496,149.8,72.1,138,17.5,燒盡,岩崩,過熱,3,3,3,50000,1489923
65.1,319,巨牙鯊,水,惡,-,-,-,-,-,-,-,-,1498,166.6,64.1,126,25.5,咬住,咬碎,劇毒牙,12,10,3,50000,1345428
65.1,690,垃垃藻,毒,水,-,-,-,-,-,-,-,-,1202,104.2,104.2,127,50,溶解液,水流尾,龍捲風,5,5,3,50000,1378846
64.9,2,妙蛙草,草,毒,-,-,暗影,-,-,-,-,-,1500,119.8,121.4,129,37,藤鞭,強力鞭打,污泥炸彈,7,7,3,10000,1876677
64.9,61,蚊香君,水,,-,-,暗影,-,-,-,-,-,1500,114.3,116,148,50,泡沫,熱水*,泥巴炸彈,5,5,3,50000,1961320
64.8,103,椰蛋樹,草,超能力,-,-,暗影,-,-,-,-,-,1499,136.2,92.5,131,18.5,念力,種子炸彈,精神強念,3,4,3,50000,1650175
64.7,555,達摩狒狒,火,,-,-,-,-,普通,-,-,-,1496,149.8,72.1,138,17.5,燒盡,岩崩,過熱,3,3,3,50000,1489923
64.7,678,超能妙喵,超能力,,-,-,-,-,-,雄,-,-,1499,117.2,124,132,26,念力,能量球,精神強念,4,4,3,50000,1917248
64.6,575,哥德小童,超能力,,-,-,-,-,-,-,-,-,1498,112.2,132.8,134,40,念力,預知未來,精神強念,5,4,3,50000,1996579
64.6,138,菊石獸,岩石,水,-,-,暗影,-,-,-,-,-,1500,128,135.3,101,43,泥巴射擊,岩石封鎖*,岩石爆擊,6,5,5,75000,1749618
64.5,51,三地鼠,地面,,-,-,暗影,-,-,-,-,-,1500,136.8,120.1,100,41,突襲,泥巴炸彈,尖石攻擊,7,8,3,50000,1642734
64.5,109,瓦斯彈,毒,,-,-,暗影,-,-,-,-,-,1373,112.6,131.1,113,50,死纏爛打,污泥攻擊,惡之波動,4,4,3,50000,1667925
64.5,743,蝶結萌虻,蟲,妖精,-,-,-,-,-,-,-,-,1497,136.3,105.9,114,25.5,妖精之風,吸取之吻,蟲鳴,7,7,1,10000,1645225
64.5,128,肯泰羅,一般,,-,-,-,-,-,-,-,-,1499,125.1,119.5,120,21.5,撞擊,起草,角撞,15,12,3,50000,1794891
64.2,950,毛崖蟹,岩石,,-,-,-,-,-,-,-,-,1500,121.1,128.1,119,23,擲泥,重踏,岩石封鎖,6,5,3,75000,1846224
64.1,455,尖牙籠,草,,-,-,-,-,-,-,-,-,1499,130.2,101.9,130,25.5,藤鞭,能量球,咬碎,6,6,5,75000,1724039
64.1,295,爆音怪,一般,,-,-,暗影,-,-,-,-,-,1500,119.8,99.5,157,24,驚嚇,咬碎,魅惑之聲,5,5,1,10000,1870373
64,617,敏捷蟲,蟲,,-,-,暗影,-,-,-,-,-,1500,143.2,84.9,129,22.5,死纏爛打,能量球*,蟲鳴,4,5,3,50000,1568558
64,459,雪笠怪,草,冰,-,-,-,-,-,-,-,-,1311,109.2,100.8,142,50,細雪,能量球,冰凍光束,6,7,3,50000,1564162
63.9,554,火紅不倒翁,冰,,伽勒爾,-,-,-,-,-,-,-,1500,131.9,82.3,157,50,冰凍牙,冰凍拳,冰凍光束,7,10,3,50000,1705667
63.9,103,椰蛋樹,草,龍,阿羅拉,-,暗影,-,-,-,-,-,1498,134.4,94.8,131,18.5,龍尾,種子炸彈,流星群*,4,6,3,50000,1669766
63.9,185,樹才怪,岩石,,-,-,-,-,-,-,-,-,1500,117.2,130.1,126,26,雙倍奉還,流星光束,起草,10,8,5,75000,1920600
63.9,718,基格爾德,龍,地面,-,-,-,-,10%,-,-,-,1494,138.1,119.1,98,22.5,龍尾,咬碎,地震,4,6,20,100000,1612643
63.8,51,三地鼠,地面,,-,-,-,-,-,-,-,-,1500,136.8,120.1,100,41,突襲,泥巴炸彈,尖石攻擊,7,8,3,50000,1642734
63.8,404,勒克貓,電,,-,-,-,-,-,-,-,-,1499,133.3,91.1,139,47.5,咬住,瘋狂伏特,咬碎,12,12,5,75000,1686895
63.7,103,椰蛋樹,草,超能力,-,-,-,-,-,-,-,-,1499,136.2,92.5,131,18.5,念力,種子炸彈,精神強念,3,4,3,50000,1650175
63.7,552,混混鱷,地面,惡,-,-,-,-,-,-,-,-,1500,134,88,142,49.5,擲泥,咬碎,重踏,5,6,5,75000,1674489
63.7,139,多刺菊石獸,岩石,水,-,-,-,-,-,-,-,-,1500,126.6,128.4,109,20,泥巴射擊,岩崩*,水炮,5,9,5,75000,1773092
63.5,118,角金魚,水,,-,-,-,-,-,-,-,-,1302,116,105,120,50,啄,水流尾,角撞,5,5,3,50000,1461636
63.5,294,吼爆彈,一般,,-,-,暗影,-,-,-,-,-,1500,125.2,80.7,178,50,咬住,踩踏,魅惑之聲,10,12,1,10000,1797820
63.5,111,獨角犀牛,地面,岩石,-,-,暗影,-,-,-,-,-,1497,112.6,111,159,38.5,擲泥,重踏,踩踏,6,4,3,50000,1987139
63.5,209,布魯,妖精,,-,-,暗影,-,-,-,-,-,1399,127.7,84,142,50,咬住,劈瓦,咬碎,10,12,3,50000,1524055
63.3,729,花漾海獅,水,,-,-,-,-,-,-,-,-,1500,125.9,117.1,121,30,撒嬌,水流噴射,魅惑之聲,5,6,3,10000,1782789
63.3,180,茸茸羊,電,,-,-,-,-,-,-,-,-,1499,121.5,100.5,151,44,充電光束,放電,起草,4,5,5,75000,1844088
63.3,274,長鼻葉,草,惡,-,-,暗影,-,-,-,-,-,1387,125.2,78.1,157,50,出奇一擊,葉刃,欺詐,6,7,3,50000,1536164
63.2,250,鳳王,火,飛行,-,-,暗影,-,-,-,-,-,1482,123.5,126.5,113,14,燒盡,勇鳥猛攻,神聖之火*,3,4,20,100000,1764371
63.2,215,狃拉,惡,冰,-,-,-,-,-,-,-,-,1497,134,111.8,111,27,冰礫,雪崩,欺詐,5,4,3,50000,1661900
63.1,286,斗笠菇,草,格鬥,-,-,-,-,-,-,-,-,1500,150,96.7,103,21,發勁,爆裂拳,打草結*,5,5,3,50000,1494123
63.1,601,齒輪怪,鋼,,-,-,-,-,-,-,-,-,1497,124.3,139.6,104,21,金屬音,鏡光射擊,加農光炮,5,9,5,75000,1803808
63.1,33,尼多力諾,毒,,-,-,暗影,-,-,-,-,-,1498,123.3,104.3,141,47.5,毒針,污泥炸彈,挖洞,6,6,3,50000,1813973
63.1,814,騰蹴小將,火,,-,-,-,-,-,-,-,-,1498,128.9,103.7,130,31.5,火焰旋渦,蓄能焰襲,噴射火焰,5,6,3,10000,1737824
63.1,479,洛托姆,電,火,-,-,-,-,加熱,-,-,-,1500,128.8,144.9,93,21.5,電擊,過熱,十萬伏特,7,7,5,75000,1736642
63.1,459,雪笠怪,草,冰,-,-,暗影,-,-,-,-,-,1311,109.2,100.8,142,50,細雪,能量球,冰凍光束,6,7,3,50000,1564162
63.1,72,瑪瑙水母,水,毒,-,-,-,-,-,-,-,-,1176,94.1,137.8,113,50,毒針,緊束,水之波動,5,6,3,50000,1465578
63,354,詛咒娃娃,幽靈,,-,-,-,-,-,-,-,-,1497,145.3,92.3,115,24,暗影爪,暗影球,魔法閃耀,7,7,3,50000,1541714
63,884,鋁鋼龍,鋼,龍,-,-,-,-,-,-,-,-,1497,137.7,112.2,105,18,龍尾,龍爪,加農光炮,5,6,5,75000,1622747
63,139,多刺菊石獸,岩石,水,-,-,暗影,-,-,-,-,-,1500,126.6,128.4,109,20,泥巴射擊,岩崩*,水炮,5,9,5,75000,1773092
62.8,966,普隆隆姆,鋼,毒,-,-,-,-,-,-,-,-,1500,135.7,102.5,119,19,金屬音,過熱,陀螺球,7,7,3,50000,1654542
62.7,104,卡拉卡拉,地面,,-,-,暗影,-,-,-,-,-,1152,88.2,133.6,127,50,擲泥,骨棒,重踏,4,6,3,50000,1497128
62.7,745,鬃岩狼人,岩石,,-,-,-,-,白晝,-,-,-,1499,142.7,93.1,118,20.5,突襲,直衝鑽,尖石攻擊,6,8,5,50000,1568817
62.7,111,獨角犀牛,地面,岩石,-,-,-,-,-,-,-,-,1497,112.6,111,159,38.5,擲泥,重踏,踩踏,6,4,3,50000,1987139
62.6,65,胡地,超能力,,-,-,-,-,-,-,-,-,1499,155.9,101.4,91,18,精神利刃,火焰拳,暗影球,5,6,3,50000,1438855
62.6,404,勒克貓,電,,-,-,暗影,-,-,-,-,-,1499,133.7,90.2,139,46,咬住,瘋狂伏特,咬碎,12,12,5,75000,1677029
62.5,233,多邊獸Ⅱ,一般,,-,-,-,-,-,-,-,-,1498,122.2,117.9,127,20.5,鎖定,三重攻擊,電磁炮,10,16,3,50000,1829984
62.5,112,鑽角犀獸,地面,岩石,-,-,暗影,-,-,-,-,-,1499,126.3,103.4,136,17.5,擲泥,尖石攻擊,衝浪,6,5,3,50000,1775740
62.5,451,鉗尾蠍,毒,蟲,-,-,暗影,-,-,-,-,-,1141,90.8,139.5,113,50,死纏爛打,水流尾,十字毒刃,3,3,5,75000,1430471
62.5,209,布魯,妖精,,-,-,-,-,-,-,-,-,1399,127.7,84,142,50,咬住,劈瓦,咬碎,10,12,3,50000,1524055
62.4,576,哥德小姐,超能力,,-,-,暗影,-,-,-,-,-,1498,115.3,140.9,119,23,念力,岩崩,預知未來,4,5,3,50000,1934140
62.4,274,長鼻葉,草,惡,-,-,-,-,-,-,-,-,1387,125.2,78.1,157,50,出奇一擊,葉刃,欺詐,6,7,3,50000,1536164
62.4,77,小火馬,超能力,,伽勒爾,-,-,-,-,-,-,-,1500,133.5,108.2,116,36,精神利刃,高速星星,嬉鬧,4,7,3,50000,1675972
62.3,44,臭臭花,草,毒,-,-,暗影,-,-,-,-,-,1498,121.4,116,131,37,溶解液,月亮之力,污泥炸彈,7,7,3,50000,1844296
62.3,512,花椰猿,草,,-,-,-,-,-,-,-,-,1496,136,95.8,126,23.5,藤鞭,打草結,咬碎,7,6,3,50000,1642252
62.3,193,蜻蜻蜓,蟲,飛行,-,-,-,-,-,-,-,-,1499,130.8,89.7,146,46.5,翅膀攻擊,銀色旋風,燕返,6,6,3,50000,1713046
62.2,719,蒂安希,岩石,妖精,-,-,-,-,-,-,-,-,1488,119.2,175.2,89,19.5,落石,岩崩,月亮之力,9,10,20,100000,1857962
62.2,244,炎帝,火,,-,-,暗影,-,-,-,-,-,1484,128.9,95.2,139,15.5,火焰牙,蓄能焰襲,熱沙大地,9,9,20,100000,1705046
62.2,715,音波龍,飛行,龍,-,-,暗影,-,-,-,-,-,1500,125.5,113.5,126,20,咬住,熱風,暴風,12,15,5,75000,1794213
62.2,479,洛托姆,電,飛行,-,-,-,-,旋轉,-,-,-,1500,128.8,144.9,93,21.5,驚嚇,十萬伏特,奇異之風,6,5,5,75000,1736642
62.1,864,魔靈珊瑚,幽靈,,-,-,-,-,-,-,-,-,1497,145.7,111.1,95,18,驚嚇,黑夜魔影,力量寶石,5,5,3,50000,1537102
62.1,244,炎帝,火,,-,-,-,-,-,-,-,-,1500,129.3,96.2,140,16,火焰牙,蓄能焰襲,熱沙大地,9,9,20,100000,1741304
62.1,210,布魯皇,妖精,,-,-,暗影,-,-,-,-,-,1500,135.3,88.3,139,22,撒嬌,近身戰,咬碎,6,6,3,50000,1661969
62.1,518,夢夢蝕,超能力,,-,-,-,-,-,-,-,-,1499,113.1,108.9,161,20.5,充電光束,精神衝擊,魔法閃耀,4,5,3,50000,1982428
62,75,隆隆石,岩石,地面,-,-,暗影,-,-,-,-,-,1500,122.6,129.9,115,29.5,擲泥,岩崩*,挖洞,5,5,1,10000,1831483
62,122,魔牆人偶,冰,超能力,伽勒爾,-,-,-,-,-,-,-,1500,130.5,127,104,27,念力,冰凍拳,三旋擊,3,4,5,75000,1724015
61.9,51,三地鼠,地面,鋼,阿羅拉,-,暗影,-,-,-,-,-,1499,148.2,112.9,90,29,擲泥,鐵頭,泥巴炸彈,5,5,3,50000,1506431
61.9,75,隆隆石,岩石,地面,-,-,-,-,-,-,-,-,1499,121.5,131,116,30,擲泥,岩崩*,挖洞,5,5,1,10000,1845378
61.9,516,冷水猿,水,,-,-,-,-,-,-,-,-,1496,136,95.8,126,23.5,咬住,衝浪,咬碎,12,12,3,50000,1642252
61.9,72,瑪瑙水母,水,毒,-,-,暗影,-,-,-,-,-,1176,94.1,137.8,113,50,毒針,緊束,水之波動,5,6,3,50000,1465578
61.8,843,沙包蛇,地面,,-,-,-,-,-,-,-,-,1222,99.2,116,131,50,擲泥,大地之力,緊束,5,5,3,50000,1506264
61.7,930,奧利瓦,草,一般,-,-,-,-,-,-,-,-,1500,129.3,116.6,115,18.5,魔法葉,大地之力,起草,5,5,3,50000,1734048
61.7,242,幸福蛋,一般,,-,-,-,-,-,-,-,-,1500,81,111.3,307,20.5,意念頭錘,瘋狂伏特*,魔法閃耀,8,10,5,75000,2768972
61.7,204,榛果球,蟲,,-,-,-,-,-,-,-,-,1253,103.4,115.1,127,50,蟲咬,岩石封鎖,流沙地獄,17,15,5,75000,1511117
61.7,45,霸王花,草,毒,-,-,-,-,-,-,-,-,1499,128.8,112.7,120,21.5,溶解液,污泥炸彈,落英繽紛,7,9,3,50000,1742867
61.6,95,大岩蛇,岩石,地面,-,-,-,-,-,-,-,-,1245,84,207.6,105,50,落石,岩崩*,流沙地獄,9,9,5,75000,1831281
61.6,394,波皇子,水,,-,-,暗影,-,-,-,-,-,1498,118.6,117.1,136,36.5,泡沫,冰凍之風,泡沫光線,5,5,3,10000,1888948
61.5,112,鑽角犀獸,地面,岩石,-,-,-,-,-,-,-,-,1499,126.3,103.4,136,17.5,擲泥,尖石攻擊,衝浪,6,5,3,50000,1775740
61.5,479,洛托姆,電,水,-,-,-,-,清洗,-,-,-,1500,128.8,144.9,93,21.5,電擊,十萬伏特,水炮,7,9,5,75000,1736642
61.4,695,光電傘蜥,電,一般,-,-,-,-,-,-,-,-,1500,138.1,112.1,105,21.5,伏特替換,廣域破壞,拋物面充電,4,4,3,50000,1626001
61.4,124,迷唇姐,冰,超能力,-,-,-,-,-,-,-,-,1499,141.2,102.2,110,21.5,念力,雪崩,精神衝擊,4,3,5,75000,1587668
61.4,451,鉗尾蠍,毒,蟲,-,-,-,-,-,-,-,-,1141,90.8,139.5,113,50,死纏爛打,水流尾,十字毒刃,3,3,5,75000,1430471
61.3,91,刺甲貝,水,冰,-,-,暗影,-,-,-,-,-,1498,119,169.8,93,22,冰礫,冰凍之風,水流裂破,5,5,3,50000,1879927
61.3,461,瑪狃拉,惡,冰,-,-,-,-,-,-,-,-,1500,141.9,105.1,106,18.5,大聲咆哮,雪崩,欺詐,4,4,3,50000,1581752
61.2,575,哥德小童,超能力,,-,-,暗影,-,-,-,-,-,1498,112.2,132.8,134,40,念力,預知未來,精神強念,5,4,3,50000,1996579
61.1,96,催眠貘,超能力,,-,-,-,-,-,-,-,-,1176,87.4,126.9,142,50,念力,精神衝擊,報恩<sup>†</sup>,3,5,3,50000,1574590
61.1,383,固拉多,地面,,-,-,暗影,-,-,-,-,-,1478,133.9,116.6,104,13,泥巴射擊,斷崖之劍*,火焰拳*,7,5,20,100000,1623378
61.1,492,謝米,草,,-,-,-,-,陸上,-,-,-,1498,117.9,122.3,132,17,魔法葉,打草結,種子閃光*,5,8,20,100000,1902467
61.1,328,大顎蟻,地面,,-,-,-,-,-,-,-,-,1441,148.7,78.1,120,50,潑沙,流沙地獄,咬碎,12,12,5,75000,1394782
61,104,卡拉卡拉,地面,,-,-,-,-,-,-,-,-,1152,88.2,133.6,127,50,擲泥,骨棒,報恩<sup>†</sup>,4,7,3,50000,1497128
61,86,小海獅,水,,-,-,-,-,-,-,-,-,1098,84,114.3,149,50,水槍*,水流尾,冰凍之風,12,15,3,50000,1430849
61,277,大王燕,一般,飛行,-,-,暗影,-,-,-,-,-,1499,136,100,121,29,翅膀攻擊,勇鳥猛攻,神鳥猛擊,7,7,1,10000,1645136
60.9,354,詛咒娃娃,幽靈,,-,-,暗影,-,-,-,-,-,1499,145.9,91.6,115,24,暗影爪,暗影球,魔法閃耀,7,7,3,50000,1537675
60.9,282,沙奈朵,超能力,妖精,-,-,-,-,-,-,-,-,1499,136.6,115.6,104,18,念力,三旋擊,暗影球,4,4,5,75000,1642368
60.9,382,蓋歐卡,水,,-,-,暗影,-,-,-,-,-,1478,133.9,116.6,104,13,攀瀑,雪崩,衝浪,5,5,20,100000,1623378
60.8,102,蛋蛋,草,超能力,-,-,-,-,-,-,-,-,1328,102.5,117.6,142,50,念力,種子炸彈,原始之力,3,4,3,50000,1712557
60.8,102,蛋蛋,草,超能力,-,-,暗影,-,-,-,-,-,1328,102.5,117.6,142,50,念力,種子炸彈,原始之力,3,4,3,50000,1712557
60.8,948,原野水母,地面,草,-,-,-,-,-,-,-,-,1176,94.1,137.8,113,50,擲泥,大地之力,緊束,5,5,3,50000,1465578
60.7,461,瑪狃拉,惡,冰,-,-,暗影,-,-,-,-,-,1500,141.9,105.1,106,18.5,大聲咆哮,雪崩,欺詐,4,4,3,50000,1581752
60.6,424,雙尾怪手,一般,,-,-,-,-,-,-,-,-,1500,133.9,100.6,124,23,抓,燕返,報恩<sup>†</sup>,12,18,3,50000,1669988
60.6,549,裙兒小姐,草,格鬥,洗翠,-,-,-,-,-,-,-,1499,133.5,107.8,117,22,種子機關槍,快手還擊,落英繽紛,4,5,1,10000,1682787
60.5,51,三地鼠,地面,鋼,阿羅拉,-,-,-,-,-,-,-,1499,148.2,112.9,90,29,擲泥,鐵頭,泥巴炸彈,5,5,3,50000,1506431
60.5,405,倫琴貓,電,,-,-,暗影,-,-,-,-,-,1500,138,99,119,19,大聲咆哮,瘋狂伏特,精神之牙*,4,3,5,75000,1625573
60.5,763,甜冷美后,草,,-,-,-,-,-,-,-,-,1496,130.4,120.7,109,18.5,魔法葉,三旋擊,飛膝踢*,5,6,3,10000,1715364
60.3,566,始祖小鳥,岩石,飛行,-,-,暗影,-,-,-,-,-,1500,159.5,76.1,116,30,翅膀攻擊,原始之力,咬碎,6,6,5,75000,1408037
60.3,180,茸茸羊,電,,-,-,暗影,-,-,-,-,-,1499,121.5,100.5,151,44,充電光束,放電,起草,4,5,5,75000,1844088
60.1,438,盆才怪,岩石,,-,-,-,-,-,-,-,-,1472,116.8,124.4,127,50,落石,岩石封鎖,岩崩,10,9,5,10000,1844799
60,328,大顎蟻,地面,,-,-,暗影,-,-,-,-,-,1441,148.7,78.1,120,50,潑沙,流沙地獄,咬碎,12,12,5,75000,1394782
59.9,510,酷豹,惡,,-,-,暗影,-,-,-,-,-,1496,139.8,88.5,129,30,大聲咆哮,惡之波動,嬉鬧,4,5,1,10000,1596153
59.9,45,霸王花,草,毒,-,-,暗影,-,-,-,-,-,1499,128.8,112.7,120,21.5,溶解液,月亮之力,污泥炸彈,7,7,3,50000,1742867
59.8,567,始祖大鳥,岩石,飛行,-,-,暗影,-,-,-,-,-,1499,160.6,81.9,106,16.5,翅膀攻擊,原始之力,咬碎,6,6,5,75000,1395055
59.8,70,口呆花,草,毒,-,-,暗影,-,-,-,-,-,1500,139.4,82.7,140,39.5,溶解液,強力鞭打,污泥炸彈,7,7,3,50000,1613476
59.7,565,肋骨海龜,水,岩石,-,-,-,-,-,-,-,-,1499,121.4,127,120,21.5,水槍,水流裂破,原始之力,15,15,5,75000,1849862
59.7,741,花舞鳥,電,飛行,-,-,-,-,啪滋啪滋,-,-,-,1497,130.9,102.1,128,24,空氣斬,空氣利刃,暴風,5,7,3,75000,1710403
59.6,392,烈焰猴,火,格鬥,-,-,-,-,-,-,-,-,1495,136.7,100.4,119,20.5,火焰旋渦,近身戰,爆炸烈焰*,5,5,3,10000,1633131
59.5,247,沙基拉斯,岩石,地面,-,-,-,-,-,-,-,-,1498,120.2,111.8,139,34,咬住,原始之力,挖洞,12,13,5,75000,1867909
59.5,86,小海獅,水,,-,-,暗影,-,-,-,-,-,1098,84,114.3,149,50,水槍*,水流尾,冰凍之風,12,15,3,50000,1430849
59.4,282,沙奈朵,超能力,妖精,-,-,暗影,-,-,-,-,-,1499,136.6,115.6,104,18,念力,三旋擊,暗影球,4,4,5,75000,1642368
59.3,909,呆火鱷,火,,-,-,-,-,-,-,-,-,1274,106.7,93.3,152,50,燒盡,咬碎,噴射火焰,3,3,3,10000,1513000
59.1,525,地幔岩,岩石,,-,-,-,-,-,-,-,-,1497,124.4,109.6,132,28,擲泥,岩崩,重踏,5,6,3,50000,1799347
59,96,催眠貘,超能力,,-,-,暗影,-,-,-,-,-,1176,87.4,126.9,142,50,念力,精神衝擊,精神強念,3,4,3,50000,1574590
59,604,麻麻鰻魚王,電,,-,-,-,-,-,-,-,-,1500,133.8,99.8,126,20,伏特替換*,龍爪,十萬伏特,4,4,1,10000,1682153
58.9,392,烈焰猴,火,格鬥,-,-,暗影,-,-,-,-,-,1495,136.7,100.4,119,20.5,火焰旋渦,近身戰,爆炸烈焰*,5,5,3,10000,1633131
58.9,310,雷電獸,電,,-,-,暗影,-,-,-,-,-,1498,142.5,91.3,121,23.5,大聲咆哮,瘋狂伏特,精神之牙,4,3,3,50000,1574038
58.8,585,四季鹿,一般,草,-,-,-,-,-,-,-,-,1283,109.2,96.6,142,50,猛撞,瘋狂伏特,能量球,5,5,3,50000,1498988
58.8,510,酷豹,惡,,-,-,-,-,-,-,-,-,1496,139.8,88.5,129,30,大聲咆哮,惡之波動,嬉鬧,4,5,1,10000,1596153
58.7,555,達摩狒狒,冰,,伽勒爾普通,-,-,-,-,-,-,-,1496,149.8,72.1,138,17.5,冰凍牙,雪崩,蠻力,8,7,3,50000,1489923
58.7,210,布魯皇,妖精,,-,-,-,-,-,-,-,-,1500,135.3,88.3,139,22,撒嬌,近身戰,咬碎,6,6,3,50000,1661969
58.6,366,珍珠貝,水,,-,-,-,-,-,-,-,-,1436,124.4,126,105,50,水槍,水之波動,泰山壓頂,17,14,3,50000,1645929
58.6,745,鬃岩狼人,岩石,,-,-,-,-,黃昏,-,-,-,1500,144.6,92,117,20,突襲,尖石攻擊,起草,8,7,5,50000,1556153
58.6,745,鬃岩狼人,岩石,,-,-,-,-,黑夜,-,-,-,1494,132.6,99.8,127,20,雙倍奉還,尖石攻擊,精神之牙,10,6,5,50000,1680365
58.6,233,多邊獸Ⅱ,一般,,-,-,暗影,-,-,-,-,-,1498,122.2,117.9,127,20.5,鎖定,三重攻擊,電磁炮,10,16,3,50000,1829984
58.5,95,大岩蛇,岩石,地面,-,-,暗影,-,-,-,-,-,1245,84,207.6,105,50,落石,岩崩*,流沙地獄,9,9,5,75000,1831281
58.5,514,爆香猿,火,,-,-,-,-,-,-,-,-,1496,136,95.8,126,23.5,火焰旋渦,咬碎,噴射火焰,5,6,3,50000,1642252
58.4,887,多龍巴魯托,龍,幽靈,-,-,-,-,-,-,-,-,1500,142.5,96.2,115,15.5,龍尾,暗影球,逆鱗,5,5,5,75000,1577592
58.4,247,沙基拉斯,岩石,地面,-,-,暗影,-,-,-,-,-,1498,120.2,111.8,139,34,咬住,原始之力,挖洞,12,13,5,75000,1867909
58.4,20,拉達,一般,,-,-,-,-,-,-,-,-,1499,125.9,116.1,122,34.5,電光一閃,必殺門牙,挖洞,7,7,1,10000,1783281
58.3,204,榛果球,蟲,,-,-,暗影,-,-,-,-,-,1253,103.4,115.1,127,50,蟲咬,岩石封鎖,流沙地獄,17,15,5,75000,1511117
58.2,566,始祖小鳥,岩石,飛行,-,-,-,-,-,-,-,-,1500,159.5,76.1,116,30,翅膀攻擊,原始之力,咬碎,6,6,5,75000,1408037
58.2,520,咕咕鴿,一般,飛行,-,-,-,-,-,-,-,-,1500,124,102.2,143,49.5,空氣斬,熱風,燕返,5,5,1,10000,1812350
58.1,866,踏冰人偶,冰,超能力,-,-,-,-,-,-,-,-,1495,127.4,114.4,120,19.5,念力,冰凍之風,精神強念,4,4,5,75000,1749749
58.1,544,車輪毬,蟲,毒,-,-,-,-,-,-,-,-,1293,96.6,158,113,50,毒針,污泥炸彈,陀螺球,6,6,1,10000,1725055
58,740,好勝毛蟹,格鬥,冰,-,-,-,-,-,-,-,-,1499,136.8,88.5,135,19,泡沫,冰凍拳,劈瓦,4,4,3,50000,1634961
58,74,小拳石,岩石,地面,-,-,暗影,-,-,-,-,-,1462,123.5,123.5,113,50,落石,岩石封鎖,岩崩,10,9,1,10000,1724177
58,231,小小象,地面,,-,-,-,-,-,-,-,-,1364,102.5,95,186,50,撞擊,重踏,岩崩,19,15,3,50000,1810589
57.9,99,巨鉗蟹,水,,-,-,暗影,-,-,-,-,-,1500,144.5,115.6,93,19.5,泡沫,蟹鉗錘,十字剪,5,4,3,50000,1553975
57.8,666,彩粉蝶,蟲,飛行,-,-,-,-,-,-,-,-,1498,131.7,86.3,149,30,起風,能量球,暴風,4,5,1,10000,1694365
57.6,567,始祖大鳥,岩石,飛行,-,-,-,-,-,-,-,-,1499,160.6,81.9,106,16.5,翅膀攻擊,原始之力,咬碎,6,6,5,75000,1395055
57.6,271,蓮帽小童,水,草,-,-,-,-,-,-,-,-,1353,106.7,112.6,142,50,泡沫,熱水,打草結,5,5,3,50000,1706340
57.5,170,燈籠魚,水,電,-,-,-,-,-,-,-,-,1265,101.7,94.1,164,50,泡沫,水之波動,十萬伏特,5,5,3,50000,1569336
57.5,311,正電拍拍,電,,-,-,-,-,-,-,-,-,1498,128.2,107.2,127,33,電光一閃,十萬伏特,打草結,7,7,3,50000,1745748
57.4,628,勇士雄鷹,一般,飛行,-,-,-,-,-,-,-,-,1500,133.8,92.9,135,18,空氣斬,飛翔,近身戰,5,5,5,75000,1678339
57.4,341,龍蝦小兵,水,,-,-,暗影,-,-,-,-,-,1391,131.1,95.8,117,50,泡沫,水流噴射,夾住,4,4,3,50000,1469211
57.4,185,樹才怪,岩石,,-,-,暗影,-,-,-,-,-,1500,117.2,130.1,126,26,雙倍奉還,流星光束,起草,10,8,5,75000,1920600
57.4,114,蔓藤怪,草,,-,-,-,-,-,-,-,-,1500,125.6,122.9,116,25,死纏爛打,打草結,污泥炸彈,5,5,3,50000,1790197
57.3,874,巨石丁,岩石,,-,-,-,-,-,-,-,-,1500,125.6,108,132,17,落石,岩崩,踩踏,9,8,5,75000,1789539
57.2,469,遠古巨蜓,蟲,飛行,-,-,-,-,-,-,-,-,1500,136.8,96.1,125,19,翅膀攻擊,燕返,原始之力,6,6,3,50000,1643327
57.1,557,石居蟹,蟲,岩石,-,-,-,-,-,-,-,-,1384,111.8,120.2,127,50,擊落,岩石封鎖,十字剪,7,5,1,10000,1705533
57.1,695,光電傘蜥,電,一般,-,-,暗影,-,-,-,-,-,1500,138.1,112.1,105,21.5,伏特替換,廣域破壞,拋物面充電,4,4,3,50000,1626001
57.1,99,巨鉗蟹,水,,-,-,-,-,-,-,-,-,1500,144.5,115.6,93,19.5,泡沫,蟹鉗錘,十字剪,5,4,3,50000,1553975
57.1,728,球球海獅,水,,-,-,-,-,-,-,-,-,1276,113.4,99.2,127,50,水槍,水流尾,水流噴射,12,14,3,10000,1428526
57.1,684,綿綿泡芙,妖精,,-,-,-,-,-,-,-,-,1333,104.2,112.6,145,50,撞擊,吸取之吻,能量球,19,15,3,50000,1701231
57,192,向日花怪,草,,-,-,-,-,-,-,-,-,1499,128.7,102.2,132,26,種子機關槍,污泥炸彈,飛葉風暴,4,5,3,50000,1736327
56.9,482,亞克諾姆,超能力,,-,-,-,-,-,-,-,-,1495,152.6,90.3,106,17,念力,高速星星,預知未來,3,5,20,100000,1460851
56.9,20,拉達,一般,,-,-,暗影,-,-,-,-,-,1499,125.9,116.1,122,34.5,電光一閃,必殺門牙,挖洞,7,7,1,10000,1783281
56.9,722,木木梟,草,飛行,-,-,-,-,-,-,-,-,1196,98.3,95.8,154,50,樹葉,能量球,種子炸彈,6,5,3,10000,1450375
56.8,133,伊布,一般,,-,-,-,-,-,-,-,-,1210,100,108.4,135,50,電光一閃,高速星星,挖洞,5,7,5,75000,1463320
56.8,970,晶光花,岩石,毒,-,-,-,-,-,-,-,-,1499,137.7,103,115,17,落石,流星光束,力量寶石,12,10,3,50000,1631007
56.6,573,奇諾栗鼠,一般,,-,-,-,-,-,-,-,-,1498,134.9,96.2,128,25,撒嬌,水流尾,十萬伏特,5,7,3,50000,1661081
56.6,741,花舞鳥,火,飛行,-,-,-,-,熱辣熱辣,-,-,-,1497,130.9,102.1,128,24,空氣斬,空氣利刃,暴風,5,7,3,75000,1710403
56.6,978,米立龍,龍,水,-,-,-,-,上弓,-,-,-,1497,137.4,108.1,109,20,猛撞,衝浪,逆鱗,5,7,5,75000,1619434
56.6,978,米立龍,龍,水,-,-,-,-,下垂,-,-,-,1497,137.4,108.1,109,20,猛撞,衝浪,逆鱗,5,7,5,75000,1619434
56.6,978,米立龍,龍,水,-,-,-,-,平挺,-,-,-,1497,137.4,108.1,109,20,猛撞,衝浪,逆鱗,5,7,5,75000,1619434
56.5,59,風速狗,火,岩石,洗翠,-,-,-,-,-,-,-,1500,132.4,99.5,129,17.5,大聲咆哮,瘋狂伏特,岩崩,4,4,3,50000,1699489
56.5,692,鐵臂槍蝦,水,,-,-,-,-,-,-,-,-,1230,103.4,110.9,127,50,水槍,水流噴射,蟹鉗錘,14,17,3,50000,1455967
56.3,525,地幔岩,岩石,,-,-,暗影,-,-,-,-,-,1500,125.4,109.3,131,27.5,擲泥,岩崩,重踏,5,6,3,50000,1795223
56.1,565,肋骨海龜,水,岩石,-,-,暗影,-,-,-,-,-,1499,121.4,127,120,21.5,水槍,水流裂破,原始之力,15,15,5,75000,1849862
56.1,557,石居蟹,蟲,岩石,-,-,暗影,-,-,-,-,-,1384,111.8,120.2,127,50,擊落,十字剪,岩石封鎖,5,7,1,10000,1705533
56.1,605,小灰怪,超能力,,-,-,-,-,-,-,-,-,1500,133.7,95.5,132,48,念力,惡之波動,精神強念,4,4,3,50000,1684875
56.1,584,雙倍多多冰,冰,,-,-,-,-,-,-,-,-,1500,131.5,117.4,110,19.5,驚嚇,雪崩*,加農光炮,5,7,3,50000,1698594
56,341,龍蝦小兵,水,,-,-,-,-,-,-,-,-,1391,131.1,95.8,117,50,泡沫,水流噴射,夾住,4,4,3,50000,1469211
55.9,414,紳士蛾,蟲,飛行,-,-,-,-,-,-,-,-,1500,140,83,138,31.5,蟲咬,燕返,蟲鳴,15,20,1,10000,1603038
55.8,836,逐電犬,電,,-,-,-,-,-,-,-,-,1500,136.9,95.4,126,26,咬住,咬碎,打雷,12,15,1,50000,1645126
55.8,1,妙蛙種子,草,毒,-,-,-,-,-,-,-,-,1260,111.8,105.9,120,50,藤鞭,強力鞭打,種子炸彈,7,5,3,10000,1419947
55.8,969,晶光芽,岩石,毒,-,-,-,-,-,-,-,-,1497,147.1,90.9,114,36.5,落石,力量寶石,魔法閃耀,10,11,3,50000,1524533
55.8,876,愛管侍,超能力,一般,-,-,-,-,-,雌,-,-,1500,121.7,128.2,118,23.5,神通力,能量球,精神強念,5,6,3,50000,1842015
55.8,579,人造細胞卵,超能力,,-,-,暗影,-,-,-,-,-,1500,126.9,94.9,147,19,撒嬌*,精神衝擊,暗影球,5,7,3,50000,1771020
55.7,98,大鉗蟹,水,,-,-,暗影,-,-,-,-,-,1498,148.1,111.2,92,42,泡沫,夾住,貝殼刃,4,4,3,50000,1515235
55.5,137,多邊獸,一般,,-,-,暗影,-,-,-,-,-,1500,120,115.4,135,35.5,撞擊*,放電*,信號光束*,14,19,3,50000,1870465
55.4,741,花舞鳥,幽靈,飛行,-,-,-,-,輕盈輕盈,-,-,-,1497,130.9,102.1,128,24,空氣斬,空氣利刃,暴風,5,7,3,75000,1710403
55.4,479,洛托姆,電,冰,-,-,-,-,-,-,-,結冰,1500,128.8,144.9,93,21.5,電擊,十萬伏特,暴風雪,7,9,5,75000,1736642
55.1,606,大宇怪,超能力,,-,-,-,-,-,-,-,-,1495,134.4,105.7,117,20,念力,惡之波動,岩崩,4,4,3,50000,1662923
55,544,車輪毬,蟲,毒,-,-,暗影,-,-,-,-,-,1293,96.6,158,113,50,毒針,污泥炸彈,陀螺球,6,6,1,10000,1725055
54.9,817,變澀蜥,水,,-,-,-,-,-,-,-,-,1499,137.9,92.1,128,29.5,水槍,衝浪,水之波動,15,17,3,10000,1626045
54.6,520,咕咕鴿,一般,飛行,-,-,暗影,-,-,-,-,-,1500,124,102.2,143,49.5,空氣斬,熱風,神鳥猛擊,5,6,1,10000,1812350
54.4,650,哈力栗,草,,-,-,暗影,-,-,-,-,-,1239,105,101.7,136,50,藤鞭,種子炸彈,泰山壓頂,5,5,3,10000,1452456
54.2,234,驚角鹿,一般,,-,-,-,-,-,-,-,-,1499,132.1,99.5,129,26,撞擊,瘋狂伏特,踩踏,15,14,3,50000,1695309
54,224,章魚桶,水,,-,-,-,-,-,-,-,-,1495,131.5,100.8,128,24,鎖定,章魚桶炮,垃圾射擊,10,15,1,10000,1696917
54,409,戰槌龍,岩石,,-,-,暗影,-,-,-,-,-,1496,162.2,67.3,126,16.5,擊落,岩崩,噴射火焰,6,7,5,75000,1375562
53.8,74,小拳石,岩石,地面,-,-,-,-,-,-,-,-,1462,123.5,123.5,113,50,落石,岩石封鎖,岩崩,10,9,1,10000,1724177
53.8,98,大鉗蟹,水,,-,-,-,-,-,-,-,-,1498,148.1,111.2,92,42,泡沫,夾住,貝殼刃,4,4,3,50000,1515235
53.8,117,海刺龍,水,,-,-,-,-,-,-,-,-,1494,131.3,117.6,110,26.5,龍息,水炮,龍之波動,19,14,3,50000,1699030
53.6,114,蔓藤怪,草,,-,-,暗影,-,-,-,-,-,1500,125.6,122.9,116,25,死纏爛打,打草結,污泥炸彈,5,5,3,50000,1790197
53.5,76,隆隆岩,岩石,地面,-,-,暗影,-,-,-,-,-,1497,125.2,122.3,117,19,擲泥,尖石攻擊,地震,6,7,1,10000,1791042
53.1,650,哈力栗,草,,-,-,-,-,-,-,-,-,1239,105,101.7,136,50,藤鞭,種子炸彈,泰山壓頂,5,5,3,10000,1452456
53,556,沙鈴仙人掌,草,,-,-,-,-,-,-,-,-,1498,135.5,95.2,128,24.5,種子機關槍,燕返,落英繽紛,4,5,1,10000,1652028
52.9,775,樹枕尾熊,一般,,-,-,-,-,-,-,-,-,1500,136.9,110.3,109,21.5,滾動,重踏,以牙還牙,5,5,3,50000,1645080
52.8,393,波加曼,水,,-,-,-,-,-,-,-,-,1215,106.7,98.3,131,50,泡沫,啄鑽,冰凍之風,4,5,3,10000,1374452
52.5,628,勇士雄鷹,超能力,飛行,洗翠,-,-,-,-,-,-,-,1496,128.6,89.7,151,19.5,空氣斬,勇鳥猛攻,飛翔,7,5,5,75000,1741069
52.2,617,敏捷蟲,蟲,,-,-,-,-,-,-,-,-,1500,143.2,84.9,129,22.5,死纏爛打,蟲鳴,酸液炸彈,5,4,3,50000,1568558
51.9,657,呱頭蛙,水,,-,-,-,-,-,-,-,-,1500,134.5,100.9,123,38.5,泡沫,衝浪,燕返,5,5,3,10000,1668029
51.9,299,朝北鼻,岩石,,-,-,-,-,-,-,-,-,1123,81.5,193.3,98,50,落石,岩崩,岩石爆擊,9,8,3,50000,1543812
51.8,76,隆隆岩,岩石,地面,-,-,-,-,-,-,-,-,1497,125.2,122.3,117,19,擲泥,尖石攻擊,地震,6,7,1,10000,1791042
51.7,741,花舞鳥,超能力,飛行,呼拉呼拉,-,-,-,-,-,-,-,1497,130.9,102.1,128,24,空氣斬,空氣利刃,暴風,5,7,3,75000,1710403
51.6,368,櫻花魚,水,,-,-,-,-,-,-,-,-,1499,136.2,121,100,22.5,念力,水之波動,吸取之吻,4,4,3,50000,1648806
51.6,234,驚角鹿,一般,,-,-,暗影,-,-,-,-,-,1500,133.6,98.5,128,25.5,撞擊,瘋狂伏特,踩踏,15,14,3,50000,1683827
51.6,965,噗隆隆,鋼,毒,-,-,-,-,-,-,-,-,1287,116,102.5,120,50,金屬音,陀螺球,垃圾射擊,7,10,3,50000,1426556
51.1,492,謝米,草,飛行,-,-,-,-,天空,-,-,-,1500,139.4,94.1,123,15.5,魔法葉,能量球,打草結,5,5,20,100000,1613915
50.9,561,象徵鳥,超能力,飛行,-,-,-,-,-,-,-,-,1498,130.1,112.1,118,21.5,空氣斬,空氣利刃,原始之力,5,5,5,75000,1720791
50.7,299,朝北鼻,岩石,,-,-,暗影,-,-,-,-,-,1123,81.5,193.3,98,50,落石,岩崩,岩石爆擊,9,8,3,50000,1543812
50.6,739,好勝蟹,格鬥,,-,-,-,-,-,-,-,-,1497,135.7,98.9,123,49.5,泡沫,蟹鉗錘,增強拳,5,4,3,50000,1650391
50.5,393,波加曼,水,,-,-,暗影,-,-,-,-,-,1215,106.7,98.3,131,50,泡沫,啄鑽,冰凍之風,4,5,3,10000,1374452
50.4,231,小小象,地面,,-,-,暗影,-,-,-,-,-,1364,102.5,95,186,50,撞擊,重踏,岩崩,19,15,3,50000,1810589
50.3,421,櫻花兒,草,,-,-,-,-,花苞,-,-,-,1500,121.9,116.3,130,27.5,種子機關槍,魔法閃耀,日光束,5,7,1,10000,1842766
50,693,鋼炮臂蝦,水,,-,-,-,-,-,-,-,-,1497,134.4,110.5,112,20,水槍,蟹鉗錘,冰凍光束,17,19,3,50000,1663806
50,471,冰伊布,冰,,-,-,-,-,-,-,-,-,1498,135.8,122.4,99,17.5,冰礫,雪崩,水之波動*,5,5,5,75000,1645303
49.8,64,勇基拉,超能力,,-,-,暗影,-,-,-,-,-,1500,163.8,90.9,92,27,念力,暗影球,魔法閃耀,4,4,3,50000,1370471
49.8,961,三海地鼠,水,,-,-,-,-,-,-,-,-,1499,151.1,108.6,90,29,擲泥,水流裂破,衝浪,5,5,3,50000,1476993
49.3,657,呱頭蛙,水,,-,-,暗影,-,-,-,-,-,1500,134.5,100.9,123,38.5,泡沫,衝浪,燕返,5,5,3,10000,1668029
49.3,524,石丸子,岩石,,-,-,暗影,-,-,-,-,-,1362,114.3,105,135,50,擊落,尖石攻擊,岩石爆擊,7,5,3,50000,1620509
49.3,521,高傲雉雞,一般,飛行,-,-,暗影,-,-,-,-,-,1499,138.6,95.6,122,20,空氣斬,神鳥猛擊,熱風,6,5,1,10000,1616212
49.2,117,海刺龍,水,,-,-,暗影,-,-,-,-,-,1494,131.3,117.6,110,26.5,龍息,龍之波動,水炮,14,19,3,50000,1699030
49.1,805,壘磊石,岩石,鋼,-,-,-,-,-,-,-,-,1499,119.5,169.1,93,17,猛撞,尖石攻擊,重踏,7,7,20,100000,1879565
49.1,641,龍捲雲,飛行,,-,化身,-,-,-,-,-,-,1500,148.1,95.5,107,16.5,咬住,惡之波動,暴風,12,15,20,100000,1513826
48.7,386,代歐奇希斯,超能力,,-,-,-,-,速度,-,-,-,1499,140.8,131.6,86,18.5,充電光束,精神突進,高速星星,4,4,20,100000,1592886
48.7,524,石丸子,岩石,,-,-,-,-,-,-,-,-,1362,114.3,105,135,50,擊落,尖石攻擊,岩石爆擊,7,5,3,50000,1620509
48.7,521,高傲雉雞,一般,飛行,-,-,-,-,-,-,-,-,1499,138.6,95.6,122,20,空氣斬,神鳥猛擊,熱風,6,5,1,10000,1616212
48.3,825,天罩蟲,蟲,超能力,-,-,-,-,-,-,-,-,1164,85.7,144.5,127,50,念力,蟲鳴,精神強念,5,4,1,10000,1573262
48.3,641,龍捲雲,飛行,,-,化身,暗影,-,-,-,-,-,1500,148.1,95.5,107,16.5,咬住,惡之波動,暴風,12,15,20,100000,1513826
48.2,387,草苗龜,草,,-,-,-,-,-,-,-,-,1342,112.6,105,135,50,撞擊,能量球,泰山壓頂,15,14,3,10000,1596678
48.1,315,毒薔薇,草,毒,-,-,-,-,-,-,-,-,1497,138.6,105.9,110,29.5,毒擊,污泥炸彈,落英繽紛,8,10,3,50000,1614895
48,597,種子鐵球,草,鋼,-,-,-,-,-,-,-,-,1064,81.5,142.9,119,50,金屬爪,鐵頭,報恩<sup>†</sup>,8,10,3,75000,1385595
47.9,720,胡帕,超能力,幽靈,-,-,-,-,-,-,-,-,1488,144.8,106.3,99,16,念力,暗影球,精神強念,4,4,20,100000,1524461
47.8,1,妙蛙種子,草,毒,-,-,暗影,-,-,-,-,-,1260,111.8,105.9,120,50,藤鞭,強力鞭打,污泥炸彈,7,7,3,10000,1419947
47.7,669,花蓓蓓,妖精,,-,-,-,-,-,-,-,-,1202,103.4,113.4,119,50,藤鞭,魔法閃耀,精神強念,7,7,3,50000,1395258
47.7,804,四顎針龍,毒,龍,-,-,-,-,-,-,-,-,1500,149.8,95.6,105,17.5,毒擊,龍爪,污泥炸彈,8,8,20,100000,1502729
47.7,409,戰槌龍,岩石,,-,-,-,-,-,-,-,-,1496,162.2,67.3,126,16.5,擊落,岩崩,噴射火焰,6,7,5,75000,1375562
47.6,408,頭蓋龍,岩石,,-,-,暗影,-,-,-,-,-,1500,163.9,62.9,133,30,猛撞,岩石封鎖,原始之力,6,5,5,75000,1371716
46.4,517,食夢夢,超能力,,-,-,-,-,-,-,-,-,1294,105.9,89.9,166,50,充電光束,精神衝擊,魔法閃耀,4,5,3,50000,1580270
46.4,579,人造細胞卵,超能力,,-,-,-,-,-,-,-,-,1500,126.9,94.9,147,19,覺醒力量 格鬥,精神衝擊,暗影球,5,7,3,50000,1771020
45.3,387,草苗龜,草,,-,-,暗影,-,-,-,-,-,1342,112.6,105,135,50,撞擊,能量球,泰山壓頂,15,14,3,10000,1596678
44.8,474,多邊獸Ｚ,一般,,-,-,暗影,-,-,-,-,-,1500,147.6,88.1,117,17,鎖定,三重攻擊*,電磁炮,10,16,3,50000,1522008
44.6,64,勇基拉,超能力,,-,-,-,-,-,-,-,-,1500,163.8,90.9,92,27,念力,暗影球,魔法閃耀,4,4,3,50000,1370471
44.6,474,多邊獸Ｚ,一般,,-,-,-,-,-,-,-,-,1500,147.6,88.1,117,17,鎖定,三重攻擊*,電磁炮,10,16,3,50000,1522008
43.7,876,愛管侍,超能力,一般,-,-,-,-,-,雄,-,-,1495,135,114.7,107,22.5,神通力,暗影球,精神強念,5,6,3,50000,1656303
43.2,549,裙兒小姐,草,,-,-,-,-,-,-,-,-,1500,136.6,105.9,114,22,撒嬌,落英繽紛,破壞光線,9,10,1,10000,1648858
43,12,巴大蝶,蟲,飛行,-,-,-,-,-,-,-,-,1499,126.7,112.6,124,31.5,念力,蟲鳴,信號光束,5,4,1,10000,1768668
42.5,408,頭蓋龍,岩石,,-,-,-,-,-,-,-,-,1500,163.9,62.9,133,30,猛撞,岩石封鎖,原始之力,6,5,5,75000,1371716
42.3,597,種子鐵球,草,鋼,-,-,暗影,-,-,-,-,-,1064,81.5,142.9,119,50,金屬爪,鐵頭,陀螺球,8,8,3,75000,1385595
42.2,12,巴大蝶,蟲,飛行,-,-,暗影,-,-,-,-,-,1499,126.7,112.6,124,31.5,念力,蟲鳴,信號光束,5,4,1,10000,1768668
41.8,808,美錄坦,鋼,,-,-,-,-,-,-,-,-,1207,111.8,95.8,121,50,電擊,加農光炮,十萬伏特,8,7,20,100000,1295420
41,578,雙卵細胞球,超能力,,-,-,暗影,-,-,-,-,-,1500,149.2,82,123,27.5,覺醒力量 超能力,精神衝擊,黑夜魔影,5,6,3,50000,1504319
41,672,坐騎小羊,草,,-,-,-,-,-,-,-,-,1414,116,98.3,151,50,碎岩,劈瓦,種子炸彈,6,6,3,50000,1721514
40.5,577,單卵細胞球,超能力,,-,-,暗影,-,-,-,-,-,1498,152,81.9,118,49,覺醒力量 超能力,精神衝擊,黑夜魔影,5,6,3,50000,1468468
38.9,578,雙卵細胞球,超能力,,-,-,-,-,-,-,-,-,1500,149.2,82,123,27.5,覺醒力量 超能力,精神衝擊,黑夜魔影,5,6,3,50000,1504319
38.1,577,單卵細胞球,超能力,,-,-,-,-,-,-,-,-,1498,152,81.9,118,49,覺醒力量 超能力,精神衝擊,黑夜魔影,5,6,3,50000,1468468
34.7,852,拳拳蛸,格鬥,,-,-,-,-,-,-,-,-,1286,114.3,99.2,127,50,碎岩,蠻力,冰凍拳,6,6,3,50000,1439108
33.5,486,雷吉奇卡斯,一般,,-,-,暗影,-,-,-,-,-,1492,140.3,102,110,12.5,覺醒力量 冰,捏碎*,打雷,7,8,20,100000,1574364
32.3,486,雷吉奇卡斯,一般,,-,-,-,-,-,-,-,-,1498,139.8,104.4,110,12.5,覺醒力量 地面,捏碎*,打雷,7,8,20,100000,1605384
31.1,325,跳跳豬,超能力,,-,-,-,-,-,-,-,-,1499,117.6,115.1,141,50,意念頭錘,鏡面反射,暗影球,8,9,1,10000,1909574
31.1,325,跳跳豬,超能力,,-,-,暗影,-,-,-,-,-,1499,117.6,115.1,141,50,意念頭錘,鏡面反射,暗影球,8,9,1,10000,1909574
25.1,35,皮皮,妖精,,-,-,-,-,-,-,-,-,1306,102.5,103.4,157,50,意念頭錘,月亮之力,魅惑之聲,9,8,1,10000,1663540
24.8,201,未知圖騰,超能力,,-,-,-,-,-,-,-,-,1339,126.9,89.1,125,50,覺醒力量 超能力,掙扎,,13,0,5,75000,1412738
11.3,289,請假王,一般,,-,-,-,-,-,-,-,-,1499,138.9,83.1,140,12.5,哈欠,泰山壓頂*,地震,4,6,5,75000,1616182
8.4,289,請假王,一般,,-,-,暗影,-,-,-,-,-,1499,138.9,83.1,140,12.5,哈欠,泰山壓頂*,地震,4,6,5,75000,1616182
